,timestamp,name_x,beacon_type,distance,hashcode,isBlocked,last_seen,manufacturer,rssi,tx_power,eddystoneUidData,eddystone_url_data,telemetry_data,major,minor,uuid,date time,latitude,longitude,accuracy(m)
0,9/14/21 18:22,smriti phone,ibeacon,4.927021305,-245613548,FALSE,1.6283E+12,76,-84,-62,,,,0,0,d77657c4-52a7-426f-b9d0-d71e10798c8a,9/14/21 18:22,40.6909178,-73.98679796,9
1,9/14/21 18:22,smriti phone,ibeacon,12.93977038,1128410972,FALSE,1.6283E+12,76,-96,-59,,,,373,4,dc4f4e8e-d7b0-4e72-b609-97f2796149f9,9/14/21 18:22,40.69090896,-73.98672373,7
2,9/14/21 18:22,smriti phone,ibeacon,6.428136302,-1890598285,FALSE,1.6283E+12,76,-95,-65,,,,8,0,9eb353a0-69b6-4947-b710-bae643c8bca5,9/14/21 18:22,40.69090918,-73.9866524,6
3,9/14/21 18:22,smriti phone,ibeacon,4.927021305,-245613548,FALSE,1.6283E+12,76,-84,-62,,,,0,0,d77657c4-52a7-426f-b9d0-d71e10798c8a,9/14/21 18:22,40.69090804,-73.98658905,6
4,9/14/21 18:22,smriti phone,ibeacon,12.93977038,1128410972,FALSE,1.6283E+12,76,-96,-59,,,,373,4,dc4f4e8e-d7b0-4e72-b609-97f2796149f9,9/14/21 18:22,40.69090923,-73.98656439,5
5,9/14/21 18:22,smriti phone,ibeacon,22.09561454,-1395682710,FALSE,1.6283E+12,76,-88,-50,,,,2245,16654,50765cb7-d9ea-4e21-99a4-fa879613a492,9/14/21 18:22,40.69090964,-73.98652993,5
6,9/14/21 18:22,smriti phone,ibeacon,22.09561454,-1395682710,FALSE,1.6283E+12,76,-88,-50,,,,2245,16654,50765cb7-d9ea-4e21-99a4-fa879613a492,9/14/21 18:22,40.69090616,-73.98646885,4
7,9/14/21 18:22,smriti phone,ibeacon,22.09561454,-1395682710,FALSE,1.6283E+12,76,-88,-50,,,,2245,16654,50765cb7-d9ea-4e21-99a4-fa879613a492,9/14/21 18:22,40.69090455,-73.98644841,4
8,9/14/21 18:23,smriti phone,ibeacon,22.09561454,-1395682710,FALSE,1.6283E+12,76,-88,-50,,,,2245,16654,50765cb7-d9ea-4e21-99a4-fa879613a492,9/14/21 18:23,40.6908978,-73.98641319,5
9,9/14/21 18:23,smriti phone,ibeacon,22.09561454,-1395682710,FALSE,1.6283E+12,76,-88,-50,,,,2245,16654,50765cb7-d9ea-4e21-99a4-fa879613a492,9/14/21 18:23,40.69088767,-73.98638235,5
10,9/14/21 18:23,smriti phone,ibeacon,22.09561454,-1395682710,FALSE,1.6283E+12,76,-88,-50,,,,2245,16654,50765cb7-d9ea-4e21-99a4-fa879613a492,9/14/21 18:23,40.69087628,-73.98634411,5
11,9/14/21 18:23,smriti phone,ibeacon,22.09561454,-1395682710,FALSE,1.6283E+12,76,-88,-50,,,,2245,16654,50765cb7-d9ea-4e21-99a4-fa879613a492,9/14/21 18:23,40.69087374,-73.98628335,4
12,9/14/21 18:23,smriti phone,ibeacon,22.09561454,-1395682710,FALSE,1.6283E+12,76,-88,-50,,,,2245,16654,50765cb7-d9ea-4e21-99a4-fa879613a492,9/14/21 18:23,40.69087116,-73.98626255,5
13,9/14/21 18:23,smriti phone,ibeacon,22.09561454,-1395682710,FALSE,1.6283E+12,76,-88,-50,,,,2245,16654,50765cb7-d9ea-4e21-99a4-fa879613a492,9/14/21 18:23,40.69086623,-73.98625495,4
14,9/14/21 18:23,smriti phone,ibeacon,22.09561454,-1395682710,FALSE,1.6283E+12,76,-88,-50,,,,2245,16654,50765cb7-d9ea-4e21-99a4-fa879613a492,9/14/21 18:23,40.69086397,-73.98624872,4
15,9/14/21 18:23,smriti phone,ibeacon,22.20914322,-1395682710,FALSE,1.6283E+12,76,-83,-50,,,,2245,16654,50765cb7-d9ea-4e21-99a4-fa879613a492,9/14/21 18:23,40.69086355,-73.98621578,4
16,9/14/21 18:23,smriti phone,ibeacon,22.20914322,-1395682710,FALSE,1.6283E+12,76,-83,-50,,,,2245,16654,50765cb7-d9ea-4e21-99a4-fa879613a492,9/14/21 18:23,40.69085743,-73.98618779,4
17,9/14/21 18:23,smriti phone,ibeacon,22.20914322,-1395682710,FALSE,1.6283E+12,76,-83,-50,,,,2245,16654,50765cb7-d9ea-4e21-99a4-fa879613a492,9/14/21 18:23,40.69084598,-73.98616169,4
18,9/14/21 18:23,smriti phone,ibeacon,22.20914322,-1395682710,FALSE,1.6283E+12,76,-83,-50,,,,2245,16654,50765cb7-d9ea-4e21-99a4-fa879613a492,9/14/21 18:23,40.69083346,-73.98615132,4
19,9/14/21 18:23,smriti phone,ibeacon,22.20914322,-1395682710,FALSE,1.6283E+12,76,-83,-50,,,,2245,16654,50765cb7-d9ea-4e21-99a4-fa879613a492,9/14/21 18:23,40.69083676,-73.98614875,4
20,9/14/21 18:23,smriti phone,ibeacon,22.20914322,-1395682710,FALSE,1.6283E+12,76,-83,-50,,,,2245,16654,50765cb7-d9ea-4e21-99a4-fa879613a492,9/14/21 18:23,40.69083284,-73.98613461,5
21,9/14/21 18:23,smriti phone,ibeacon,22.20914322,-1395682710,FALSE,1.6283E+12,76,-83,-50,,,,2245,16654,50765cb7-d9ea-4e21-99a4-fa879613a492,9/14/21 18:23,40.69082545,-73.98610619,5
22,9/14/21 18:23,smriti phone,ibeacon,22.20914322,-1395682710,FALSE,1.6283E+12,76,-83,-50,,,,2245,16654,50765cb7-d9ea-4e21-99a4-fa879613a492,9/14/21 18:23,40.69081764,-73.98607493,5
23,9/14/21 18:23,smriti phone,ibeacon,22.20914322,-1395682710,FALSE,1.6283E+12,76,-83,-50,,,,2245,16654,50765cb7-d9ea-4e21-99a4-fa879613a492,9/14/21 18:23,40.69081079,-73.9860454,5
24,9/14/21 18:23,smriti phone,ibeacon,22.20914322,-1395682710,FALSE,1.6283E+12,76,-83,-50,,,,2245,16654,50765cb7-d9ea-4e21-99a4-fa879613a492,9/14/21 18:23,40.69080793,-73.98603162,5
25,9/14/21 18:23,smriti phone,ibeacon,21.09657016,-1395682710,FALSE,1.6283E+12,76,-81,-50,,,,2245,16654,50765cb7-d9ea-4e21-99a4-fa879613a492,9/14/21 18:23,40.69080287,-73.98601774,5
26,9/14/21 18:23,smriti phone,ibeacon,21.09657016,-1395682710,FALSE,1.6283E+12,76,-81,-50,,,,2245,16654,50765cb7-d9ea-4e21-99a4-fa879613a492,9/14/21 18:23,40.6907916,-73.98599385,4
27,9/14/21 18:23,smriti phone,ibeacon,21.09657016,-1395682710,FALSE,1.6283E+12,76,-81,-50,,,,2245,16654,50765cb7-d9ea-4e21-99a4-fa879613a492,9/14/21 18:23,40.69078611,-73.98598,4
28,9/14/21 18:23,smriti phone,ibeacon,21.09657016,-1395682710,FALSE,1.6283E+12,76,-81,-50,,,,2245,16654,50765cb7-d9ea-4e21-99a4-fa879613a492,9/14/21 18:23,40.6907869,-73.98596463,4
29,9/14/21 18:23,smriti phone,ibeacon,21.09657016,-1395682710,FALSE,1.6283E+12,76,-81,-50,,,,2245,16654,50765cb7-d9ea-4e21-99a4-fa879613a492,9/14/21 18:23,40.69077108,-73.98593606,4
30,9/14/21 18:23,smriti phone,ibeacon,21.09657016,-1395682710,FALSE,1.6283E+12,76,-81,-50,,,,2245,16654,50765cb7-d9ea-4e21-99a4-fa879613a492,9/14/21 18:23,40.69072701,-73.98585132,4
31,9/14/21 18:23,smriti phone,ibeacon,21.09657016,-1395682710,FALSE,1.6283E+12,76,-81,-50,,,,2245,16654,50765cb7-d9ea-4e21-99a4-fa879613a492,9/14/21 18:23,40.69071758,-73.98582772,5
32,9/14/21 18:23,smriti phone,ibeacon,20.78487721,-1395682710,FALSE,1.6283E+12,76,-85,-50,,,,2245,16654,50765cb7-d9ea-4e21-99a4-fa879613a492,9/14/21 18:23,40.6907073,-73.98580284,5
33,9/14/21 18:23,smriti phone,ibeacon,20.78487721,-1395682710,FALSE,1.6283E+12,76,-85,-50,,,,2245,16654,50765cb7-d9ea-4e21-99a4-fa879613a492,9/14/21 18:23,40.69069703,-73.98577305,5
34,9/14/21 18:23,smriti phone,ibeacon,20.78487721,-1395682710,FALSE,1.6283E+12,76,-85,-50,,,,2245,16654,50765cb7-d9ea-4e21-99a4-fa879613a492,9/14/21 18:23,40.69068876,-73.98574592,5
35,9/14/21 18:24,smriti phone,ibeacon,20.78487721,-1395682710,FALSE,1.6283E+12,76,-85,-50,,,,2245,16654,50765cb7-d9ea-4e21-99a4-fa879613a492,9/14/21 18:24,40.69067456,-73.98571164,6
36,9/14/21 18:24,smriti phone,ibeacon,20.78487721,-1395682710,FALSE,1.6283E+12,76,-85,-50,,,,2245,16654,50765cb7-d9ea-4e21-99a4-fa879613a492,9/14/21 18:24,40.69067024,-73.98570011,6
37,9/14/21 18:24,smriti phone,ibeacon,20.78487721,-1395682710,FALSE,1.6283E+12,76,-85,-50,,,,2245,16654,50765cb7-d9ea-4e21-99a4-fa879613a492,9/14/21 18:24,40.69066425,-73.98568781,6
38,9/14/21 18:24,smriti phone,ibeacon,20.78487721,-1395682710,FALSE,1.6283E+12,76,-85,-50,,,,2245,16654,50765cb7-d9ea-4e21-99a4-fa879613a492,9/14/21 18:24,40.69063774,-73.98556607,6
39,9/14/21 18:24,smriti phone,ibeacon,20.78487721,-1395682710,FALSE,1.6283E+12,76,-85,-50,,,,2245,16654,50765cb7-d9ea-4e21-99a4-fa879613a492,9/14/21 18:24,40.69063871,-73.98553411,6
40,9/14/21 18:24,smriti phone,ibeacon,21.59101688,-1395682710,FALSE,1.6283E+12,76,-92,-50,,,,2245,16654,50765cb7-d9ea-4e21-99a4-fa879613a492,9/14/21 18:24,40.69062069,-73.98550069,6
41,9/14/21 18:24,smriti phone,ibeacon,21.59101688,-1395682710,FALSE,1.6283E+12,76,-92,-50,,,,2245,16654,50765cb7-d9ea-4e21-99a4-fa879613a492,9/14/21 18:24,40.69061269,-73.98548632,5
42,9/14/21 18:24,smriti phone,ibeacon,21.59101688,-1395682710,FALSE,1.6283E+12,76,-92,-50,,,,2245,16654,50765cb7-d9ea-4e21-99a4-fa879613a492,9/14/21 18:24,40.69059531,-73.98545722,5
43,9/14/21 18:24,smriti phone,ibeacon,21.59101688,-1395682710,FALSE,1.6283E+12,76,-92,-50,,,,2245,16654,50765cb7-d9ea-4e21-99a4-fa879613a492,9/14/21 18:24,40.69058651,-73.98544092,5
44,9/14/21 18:24,smriti phone,ibeacon,21.59101688,-1395682710,FALSE,1.6283E+12,76,-92,-50,,,,2245,16654,50765cb7-d9ea-4e21-99a4-fa879613a492,9/14/21 18:24,40.69056028,-73.98539805,5
45,9/14/21 18:24,smriti phone,ibeacon,21.59101688,-1395682710,FALSE,1.6283E+12,76,-92,-50,,,,2245,16654,50765cb7-d9ea-4e21-99a4-fa879613a492,9/14/21 18:24,40.69054304,-73.98535854,4
46,9/14/21 18:24,smriti phone,ibeacon,21.59101688,-1395682710,FALSE,1.6283E+12,76,-92,-50,,,,2245,16654,50765cb7-d9ea-4e21-99a4-fa879613a492,9/14/21 18:24,40.69053273,-73.98533266,4
47,9/14/21 18:24,smriti phone,ibeacon,21.59101688,-1395682710,FALSE,1.6283E+12,76,-92,-50,,,,2245,16654,50765cb7-d9ea-4e21-99a4-fa879613a492,9/14/21 18:24,40.69051953,-73.98530649,4
48,9/14/21 18:24,smriti phone,ibeacon,21.59101688,-1395682710,FALSE,1.6283E+12,76,-92,-50,,,,2245,16654,50765cb7-d9ea-4e21-99a4-fa879613a492,9/14/21 18:24,40.69049723,-73.98523909,4
49,9/14/21 18:24,smriti phone,ibeacon,4.52694478,-245613548,FALSE,1.6283E+12,76,-90,-62,,,,0,0,d77657c4-52a7-426f-b9d0-d71e10798c8a,9/14/21 18:24,40.69049373,-73.98521245,4
50,9/14/21 18:24,smriti phone,ibeacon,22.38039629,-1395682710,FALSE,1.6283E+12,76,-95,-50,,,,2245,16654,50765cb7-d9ea-4e21-99a4-fa879613a492,9/14/21 18:24,40.69048363,-73.98518828,4
51,9/14/21 18:24,smriti phone,ibeacon,22.38039629,-1395682710,FALSE,1.6283E+12,76,-95,-50,,,,2245,16654,50765cb7-d9ea-4e21-99a4-fa879613a492,9/14/21 18:24,40.69047169,-73.9851508,4
52,9/14/21 18:24,smriti phone,ibeacon,22.38039629,-1395682710,FALSE,1.6283E+12,76,-95,-50,,,,2245,16654,50765cb7-d9ea-4e21-99a4-fa879613a492,9/14/21 18:24,40.69046535,-73.98513766,4
53,9/14/21 18:24,smriti phone,ibeacon,22.38039629,-1395682710,FALSE,1.6283E+12,76,-95,-50,,,,2245,16654,50765cb7-d9ea-4e21-99a4-fa879613a492,9/14/21 18:24,40.69045974,-73.98512652,4
54,9/14/21 18:24,smriti phone,ibeacon,22.38039629,-1395682710,FALSE,1.6283E+12,76,-95,-50,,,,2245,16654,50765cb7-d9ea-4e21-99a4-fa879613a492,9/14/21 18:24,40.69044778,-73.98509584,4
55,9/14/21 18:24,smriti phone,ibeacon,22.38039629,-1395682710,FALSE,1.6283E+12,76,-95,-50,,,,2245,16654,50765cb7-d9ea-4e21-99a4-fa879613a492,9/14/21 18:24,40.69042809,-73.9850596,4
56,9/14/21 18:24,smriti phone,ibeacon,22.38039629,-1395682710,FALSE,1.6283E+12,76,-95,-50,,,,2245,16654,50765cb7-d9ea-4e21-99a4-fa879613a492,9/14/21 18:24,40.69039932,-73.98500348,4
57,9/14/21 18:24,smriti phone,ibeacon,22.38039629,-1395682710,FALSE,1.6283E+12,76,-95,-50,,,,2245,16654,50765cb7-d9ea-4e21-99a4-fa879613a492,9/14/21 18:24,40.69038721,-73.98498123,4
58,9/14/21 18:24,smriti phone,ibeacon,6.556835898,143783211,FALSE,1.6283E+12,76,-83,-59,,,,256,16218,74278bda-b644-4520-8f0c-720eaf059935,9/14/21 18:24,40.69038073,-73.98494912,4
59,9/14/21 18:24,smriti phone,ibeacon,6.556835898,143783211,FALSE,1.6283E+12,76,-83,-59,,,,256,16218,74278bda-b644-4520-8f0c-720eaf059935,9/14/21 18:24,40.69036477,-73.98492457,4
60,9/14/21 18:25,smriti phone,ibeacon,6.556835898,143783211,FALSE,1.6283E+12,76,-83,-59,,,,256,16218,74278bda-b644-4520-8f0c-720eaf059935,9/14/21 18:25,40.69034403,-73.98487664,4
61,9/14/21 18:25,smriti phone,ibeacon,6.556835898,143783211,FALSE,1.6283E+12,76,-83,-59,,,,256,16218,74278bda-b644-4520-8f0c-720eaf059935,9/14/21 18:25,40.69033333,-73.98484483,4
62,9/14/21 18:25,smriti phone,ibeacon,6.556835898,143783211,FALSE,1.6283E+12,76,-83,-59,,,,256,16218,74278bda-b644-4520-8f0c-720eaf059935,9/14/21 18:25,40.69031966,-73.98479709,4
63,9/14/21 18:25,smriti phone,ibeacon,6.556835898,143783211,FALSE,1.6283E+12,76,-83,-59,,,,256,16218,74278bda-b644-4520-8f0c-720eaf059935,9/14/21 18:25,40.69030804,-73.98476442,4
64,9/14/21 18:25,smriti phone,ibeacon,6.556835898,143783211,FALSE,1.6283E+12,76,-83,-59,,,,256,16218,74278bda-b644-4520-8f0c-720eaf059935,9/14/21 18:25,40.69029283,-73.98471019,4
65,9/14/21 18:25,smriti phone,ibeacon,6.556835898,143783211,FALSE,1.6283E+12,76,-83,-59,,,,256,16218,74278bda-b644-4520-8f0c-720eaf059935,9/14/21 18:25,40.69028787,-73.98469209,4
66,9/14/21 18:25,smriti phone,ibeacon,6.556835898,143783211,FALSE,1.6283E+12,76,-83,-59,,,,256,16218,74278bda-b644-4520-8f0c-720eaf059935,9/14/21 18:25,40.69028945,-73.98467329,4
67,9/14/21 18:25,smriti phone,ibeacon,23.25871658,-1395682710,FALSE,1.6283E+12,76,-94,-50,,,,2245,16654,50765cb7-d9ea-4e21-99a4-fa879613a492,9/14/21 18:25,40.69029595,-73.98462919,4
68,9/14/21 18:25,smriti phone,ibeacon,23.25871658,-1395682710,FALSE,1.6283E+12,76,-94,-50,,,,2245,16654,50765cb7-d9ea-4e21-99a4-fa879613a492,9/14/21 18:25,40.69029395,-73.9846119,4
69,9/14/21 18:25,smriti phone,ibeacon,23.25871658,-1395682710,FALSE,1.6283E+12,76,-94,-50,,,,2245,16654,50765cb7-d9ea-4e21-99a4-fa879613a492,9/14/21 18:25,40.69029818,-73.98457857,4
70,9/14/21 18:25,smriti phone,ibeacon,23.25871658,-1395682710,FALSE,1.6283E+12,76,-94,-50,,,,2245,16654,50765cb7-d9ea-4e21-99a4-fa879613a492,9/14/21 18:25,40.69028682,-73.98451628,4
71,9/14/21 18:25,smriti phone,ibeacon,23.25871658,-1395682710,FALSE,1.6283E+12,76,-94,-50,,,,2245,16654,50765cb7-d9ea-4e21-99a4-fa879613a492,9/14/21 18:25,40.69028246,-73.98450084,4
72,9/14/21 18:25,smriti phone,ibeacon,23.25871658,-1395682710,FALSE,1.6283E+12,76,-94,-50,,,,2245,16654,50765cb7-d9ea-4e21-99a4-fa879613a492,9/14/21 18:25,40.69028214,-73.98448241,4
73,9/14/21 18:25,smriti phone,ibeacon,23.25871658,-1395682710,FALSE,1.6283E+12,76,-94,-50,,,,2245,16654,50765cb7-d9ea-4e21-99a4-fa879613a492,9/14/21 18:25,40.69027881,-73.98446549,4
74,9/14/21 18:25,smriti phone,ibeacon,23.25871658,-1395682710,FALSE,1.6283E+12,76,-94,-50,,,,2245,16654,50765cb7-d9ea-4e21-99a4-fa879613a492,9/14/21 18:25,40.69027786,-73.98444921,4
75,9/14/21 18:25,smriti phone,ibeacon,23.25871658,-1395682710,FALSE,1.6283E+12,76,-94,-50,,,,2245,16654,50765cb7-d9ea-4e21-99a4-fa879613a492,9/14/21 18:25,40.69018123,-73.9841325,6
76,9/14/21 18:25,smriti phone,ibeacon,4.411593963,-245613548,FALSE,1.6283E+12,76,-92,-62,,,,0,0,d77657c4-52a7-426f-b9d0-d71e10798c8a,9/14/21 18:25,40.69012806,-73.98400964,5
77,9/14/21 18:26,smriti phone,ibeacon,4.411593963,-245613548,FALSE,1.6283E+12,76,-92,-62,,,,0,0,d77657c4-52a7-426f-b9d0-d71e10798c8a,9/14/21 18:26,40.69009395,-73.98393402,5
78,9/14/21 18:26,smriti phone,ibeacon,4.411593963,-245613548,FALSE,1.6283E+12,76,-92,-62,,,,0,0,d77657c4-52a7-426f-b9d0-d71e10798c8a,9/14/21 18:26,40.69006688,-73.98382331,5
79,9/14/21 18:26,smriti phone,ibeacon,11.25380708,1128410971,FALSE,1.6283E+12,76,-94,-59,,,,373,3,dc4f4e8e-d7b0-4e72-b609-97f2796149f9,9/14/21 18:26,40.69006688,-73.98382331,5
80,9/14/21 18:26,smriti phone,ibeacon,4.411593963,-245613548,FALSE,1.6283E+12,76,-92,-62,,,,0,0,d77657c4-52a7-426f-b9d0-d71e10798c8a,9/14/21 18:26,40.69006791,-73.98380919,5
81,9/14/21 18:26,smriti phone,ibeacon,11.25380708,1128410971,FALSE,1.6283E+12,76,-94,-59,,,,373,3,dc4f4e8e-d7b0-4e72-b609-97f2796149f9,9/14/21 18:26,40.69006791,-73.98380919,5
82,9/14/21 18:26,smriti phone,ibeacon,4.411593963,-245613548,FALSE,1.6283E+12,76,-92,-62,,,,0,0,d77657c4-52a7-426f-b9d0-d71e10798c8a,9/14/21 18:26,40.69004714,-73.98376483,5
83,9/14/21 18:26,smriti phone,ibeacon,4.411593963,-245613548,FALSE,1.6283E+12,76,-92,-62,,,,0,0,d77657c4-52a7-426f-b9d0-d71e10798c8a,9/14/21 18:26,40.69004714,-73.98376483,5
84,9/14/21 18:26,smriti phone,ibeacon,4.411593963,-245613548,FALSE,1.6283E+12,76,-92,-62,,,,0,0,d77657c4-52a7-426f-b9d0-d71e10798c8a,9/14/21 18:26,40.69005935,-73.98376446,7
85,9/14/21 18:26,smriti phone,ibeacon,11.25380708,1128410971,FALSE,1.6283E+12,76,-94,-59,,,,373,3,dc4f4e8e-d7b0-4e72-b609-97f2796149f9,9/14/21 18:26,40.69005935,-73.98376446,7
86,9/14/21 18:26,smriti phone,ibeacon,23.18424831,-1395682710,FALSE,1.6283E+12,76,-84,-50,,,,2245,16654,50765cb7-d9ea-4e21-99a4-fa879613a492,9/14/21 18:26,40.69007194,-73.9837423,7
87,9/14/21 18:26,smriti phone,ibeacon,23.18424831,-1395682710,FALSE,1.6283E+12,76,-84,-50,,,,2245,16654,50765cb7-d9ea-4e21-99a4-fa879613a492,9/14/21 18:26,40.69007194,-73.9837423,7
88,9/14/21 18:26,smriti phone,ibeacon,23.18424831,-1395682710,FALSE,1.6283E+12,76,-84,-50,,,,2245,16654,50765cb7-d9ea-4e21-99a4-fa879613a492,9/14/21 18:26,40.69007923,-73.98371263,7
89,9/14/21 18:26,smriti phone,ibeacon,23.18424831,-1395682710,FALSE,1.6283E+12,76,-84,-50,,,,2245,16654,50765cb7-d9ea-4e21-99a4-fa879613a492,9/14/21 18:26,40.69007923,-73.98371263,7
90,9/14/21 18:26,smriti phone,ibeacon,23.18424831,-1395682710,FALSE,1.6283E+12,76,-84,-50,,,,2245,16654,50765cb7-d9ea-4e21-99a4-fa879613a492,9/14/21 18:26,40.69008074,-73.98368623,6
91,9/14/21 18:26,smriti phone,ibeacon,23.18424831,-1395682710,FALSE,1.6283E+12,76,-84,-50,,,,2245,16654,50765cb7-d9ea-4e21-99a4-fa879613a492,9/14/21 18:26,40.69008736,-73.98366839,6
92,9/14/21 18:26,smriti phone,ibeacon,23.18424831,-1395682710,FALSE,1.6283E+12,76,-84,-50,,,,2245,16654,50765cb7-d9ea-4e21-99a4-fa879613a492,9/14/21 18:26,40.69008736,-73.98366839,6
93,9/14/21 18:26,smriti phone,ibeacon,23.18424831,-1395682710,FALSE,1.6283E+12,76,-84,-50,,,,2245,16654,50765cb7-d9ea-4e21-99a4-fa879613a492,9/14/21 18:26,40.69010338,-73.98365052,6
94,9/14/21 18:26,smriti phone,ibeacon,23.18424831,-1395682710,FALSE,1.6283E+12,76,-84,-50,,,,2245,16654,50765cb7-d9ea-4e21-99a4-fa879613a492,9/14/21 18:26,40.69010338,-73.98365052,6
95,9/14/21 18:26,smriti phone,ibeacon,23.18424831,-1395682710,FALSE,1.6283E+12,76,-84,-50,,,,2245,16654,50765cb7-d9ea-4e21-99a4-fa879613a492,9/14/21 18:26,40.69011003,-73.98364474,6
96,9/14/21 18:26,smriti phone,ibeacon,11.25380708,1128410976,FALSE,1.6283E+12,76,-94,-59,,,,373,8,dc4f4e8e-d7b0-4e72-b609-97f2796149f9,9/14/21 18:26,40.69011003,-73.98364474,6
97,9/14/21 18:26,smriti phone,ibeacon,11.25380708,1128410976,FALSE,1.6283E+12,76,-94,-59,,,,373,8,dc4f4e8e-d7b0-4e72-b609-97f2796149f9,9/14/21 18:26,40.69009532,-73.98366286,6
98,9/14/21 18:26,smriti phone,ibeacon,11.25380708,1128410976,FALSE,1.6283E+12,76,-94,-59,,,,373,8,dc4f4e8e-d7b0-4e72-b609-97f2796149f9,9/14/21 18:26,40.69009532,-73.98366286,6
99,9/14/21 18:27,smriti phone,ibeacon,11.25380708,1128410976,FALSE,1.6283E+12,76,-94,-59,,,,373,8,dc4f4e8e-d7b0-4e72-b609-97f2796149f9,9/14/21 18:27,40.6902149,-73.98356313,7
100,9/14/21 18:27,smriti phone,ibeacon,10.86444401,1128410976,FALSE,1.6283E+12,76,-93,-59,,,,373,8,dc4f4e8e-d7b0-4e72-b609-97f2796149f9,9/14/21 18:27,40.6902149,-73.98356313,7
101,9/14/21 18:27,smriti phone,ibeacon,10.86444401,1128410976,FALSE,1.6283E+12,76,-93,-59,,,,373,8,dc4f4e8e-d7b0-4e72-b609-97f2796149f9,9/14/21 18:27,40.6902149,-73.98356313,7
102,9/14/21 18:27,smriti phone,ibeacon,10.86444401,1128410976,FALSE,1.6283E+12,76,-93,-59,,,,373,8,dc4f4e8e-d7b0-4e72-b609-97f2796149f9,9/14/21 18:27,40.69024579,-73.98354697,7
103,9/14/21 18:27,smriti phone,ibeacon,10.86444401,1128410976,FALSE,1.6283E+12,76,-93,-59,,,,373,8,dc4f4e8e-d7b0-4e72-b609-97f2796149f9,9/14/21 18:27,40.69024579,-73.98354697,7
104,9/14/21 18:27,smriti phone,ibeacon,10.86444401,1128410976,FALSE,1.6283E+12,76,-93,-59,,,,373,8,dc4f4e8e-d7b0-4e72-b609-97f2796149f9,9/14/21 18:27,40.69025664,-73.98353917,7
105,9/14/21 18:27,smriti phone,ibeacon,10.86444401,1128410976,FALSE,1.6283E+12,76,-93,-59,,,,373,8,dc4f4e8e-d7b0-4e72-b609-97f2796149f9,9/14/21 18:27,40.69025664,-73.98353917,7
106,9/14/21 18:27,smriti phone,ibeacon,10.86444401,1128410976,FALSE,1.6283E+12,76,-93,-59,,,,373,8,dc4f4e8e-d7b0-4e72-b609-97f2796149f9,9/14/21 18:27,40.69026643,-73.98353473,7
107,9/14/21 18:27,smriti phone,ibeacon,10.86444401,1128410976,FALSE,1.6283E+12,76,-93,-59,,,,373,8,dc4f4e8e-d7b0-4e72-b609-97f2796149f9,9/14/21 18:27,40.69026643,-73.98353473,7
108,9/14/21 18:27,smriti phone,ibeacon,11.25380708,1128410976,FALSE,1.6283E+12,76,-97,-59,,,,373,8,dc4f4e8e-d7b0-4e72-b609-97f2796149f9,9/14/21 18:27,40.69029432,-73.98342821,6
109,9/14/21 18:27,smriti phone,ibeacon,11.25380708,1128410976,FALSE,1.6283E+12,76,-97,-59,,,,373,8,dc4f4e8e-d7b0-4e72-b609-97f2796149f9,9/14/21 18:27,40.69029432,-73.98342821,6
110,9/14/21 18:27,smriti phone,ibeacon,11.25380708,1128410976,FALSE,1.6283E+12,76,-97,-59,,,,373,8,dc4f4e8e-d7b0-4e72-b609-97f2796149f9,9/14/21 18:27,40.69029432,-73.98342821,6
111,9/14/21 18:27,smriti phone,ibeacon,11.25380708,1128410976,FALSE,1.6283E+12,76,-97,-59,,,,373,8,dc4f4e8e-d7b0-4e72-b609-97f2796149f9,9/14/21 18:27,40.69028508,-73.98337683,6
112,9/14/21 18:27,smriti phone,ibeacon,11.25380708,1128410976,FALSE,1.6283E+12,76,-97,-59,,,,373,8,dc4f4e8e-d7b0-4e72-b609-97f2796149f9,9/14/21 18:27,40.69028508,-73.98337683,6
113,9/14/21 18:27,smriti phone,ibeacon,11.25380708,1128410976,FALSE,1.6283E+12,76,-97,-59,,,,373,8,dc4f4e8e-d7b0-4e72-b609-97f2796149f9,9/14/21 18:27,40.69028508,-73.98337683,6
114,9/14/21 18:27,smriti phone,ibeacon,11.25380708,1128410976,FALSE,1.6283E+12,76,-97,-59,,,,373,8,dc4f4e8e-d7b0-4e72-b609-97f2796149f9,9/14/21 18:27,40.69029632,-73.98333963,6
115,9/14/21 18:27,smriti phone,ibeacon,11.25380708,1128410976,FALSE,1.6283E+12,76,-97,-59,,,,373,8,dc4f4e8e-d7b0-4e72-b609-97f2796149f9,9/14/21 18:27,40.69029632,-73.98333963,6
116,9/14/21 18:27,smriti phone,ibeacon,11.25380708,1128410976,FALSE,1.6283E+12,76,-97,-59,,,,373,8,dc4f4e8e-d7b0-4e72-b609-97f2796149f9,9/14/21 18:27,40.69032308,-73.98334175,5
117,9/14/21 18:27,smriti phone,ibeacon,11.25380708,1128410976,FALSE,1.6283E+12,76,-97,-59,,,,373,8,dc4f4e8e-d7b0-4e72-b609-97f2796149f9,9/14/21 18:27,40.69034943,-73.98334862,5
118,9/14/21 18:27,smriti phone,ibeacon,27.23947858,-1395682710,FALSE,1.6283E+12,76,-92,-50,,,,2245,16654,50765cb7-d9ea-4e21-99a4-fa879613a492,9/14/21 18:27,40.69037501,-73.98335845,5
119,9/14/21 18:27,smriti phone,ibeacon,27.23947858,-1395682710,FALSE,1.6283E+12,76,-92,-50,,,,2245,16654,50765cb7-d9ea-4e21-99a4-fa879613a492,9/14/21 18:27,40.69037501,-73.98335845,5
120,9/14/21 18:27,smriti phone,ibeacon,27.23947858,-1395682710,FALSE,1.6283E+12,76,-92,-50,,,,2245,16654,50765cb7-d9ea-4e21-99a4-fa879613a492,9/14/21 18:27,40.69038968,-73.98336116,5
121,9/14/21 18:27,smriti phone,ibeacon,27.23947858,-1395682710,FALSE,1.6283E+12,76,-92,-50,,,,2245,16654,50765cb7-d9ea-4e21-99a4-fa879613a492,9/14/21 18:27,40.69038968,-73.98336116,5
122,9/14/21 18:27,smriti phone,ibeacon,27.23947858,-1395682710,FALSE,1.6283E+12,76,-92,-50,,,,2245,16654,50765cb7-d9ea-4e21-99a4-fa879613a492,9/14/21 18:27,40.69038968,-73.98336116,5
123,9/14/21 18:27,smriti phone,ibeacon,6.747991401,-1725767429,FALSE,1.6283E+12,76,-81,-55,,,,10001,8486,8a21c76b-74e3-4341-92be-33fcfdefdd63,9/14/21 18:27,40.69040666,-73.9833648,6
124,9/14/21 18:27,smriti phone,ibeacon,6.747991401,-1725767429,FALSE,1.6283E+12,76,-81,-55,,,,10001,8486,8a21c76b-74e3-4341-92be-33fcfdefdd63,9/14/21 18:27,40.690414,-73.9833649,6
125,9/14/21 18:27,smriti phone,ibeacon,6.747991401,-1725767429,FALSE,1.6283E+12,76,-81,-55,,,,10001,8486,8a21c76b-74e3-4341-92be-33fcfdefdd63,9/14/21 18:27,40.6904229,-73.98336538,6
126,9/14/21 18:27,smriti phone,ibeacon,6.747991401,-1725767429,FALSE,1.6283E+12,76,-81,-55,,,,10001,8486,8a21c76b-74e3-4341-92be-33fcfdefdd63,9/14/21 18:27,40.6904229,-73.98336538,6
127,9/14/21 18:27,smriti phone,ibeacon,6.747991401,-1725767429,FALSE,1.6283E+12,76,-81,-55,,,,10001,8486,8a21c76b-74e3-4341-92be-33fcfdefdd63,9/14/21 18:27,40.69043321,-73.98336595,6
128,9/14/21 18:27,smriti phone,ibeacon,6.747991401,-1725767429,FALSE,1.6283E+12,76,-81,-55,,,,10001,8486,8a21c76b-74e3-4341-92be-33fcfdefdd63,9/14/21 18:27,40.69043321,-73.98336595,6
129,9/14/21 18:27,smriti phone,ibeacon,6.747991401,-1725767429,FALSE,1.6283E+12,76,-81,-55,,,,10001,8486,8a21c76b-74e3-4341-92be-33fcfdefdd63,9/14/21 18:27,40.69044414,-73.98336754,6
130,9/14/21 18:27,smriti phone,ibeacon,6.747991401,-1725767429,FALSE,1.6283E+12,76,-81,-55,,,,10001,8486,8a21c76b-74e3-4341-92be-33fcfdefdd63,9/14/21 18:27,40.69044414,-73.98336754,6
131,9/14/21 18:27,smriti phone,ibeacon,9.768218193,1128410971,FALSE,1.6283E+12,76,-95,-59,,,,373,3,dc4f4e8e-d7b0-4e72-b609-97f2796149f9,9/14/21 18:27,40.69046288,-73.98336976,6
132,9/14/21 18:27,smriti phone,ibeacon,9.768218193,1128410971,FALSE,1.6283E+12,76,-95,-59,,,,373,3,dc4f4e8e-d7b0-4e72-b609-97f2796149f9,9/14/21 18:27,40.69046288,-73.98336976,6
133,9/14/21 18:27,smriti phone,ibeacon,9.768218193,1128410971,FALSE,1.6283E+12,76,-95,-59,,,,373,3,dc4f4e8e-d7b0-4e72-b609-97f2796149f9,9/14/21 18:27,40.69047207,-73.98337253,6
134,9/14/21 18:27,smriti phone,ibeacon,9.768218193,1128410971,FALSE,1.6283E+12,76,-95,-59,,,,373,3,dc4f4e8e-d7b0-4e72-b609-97f2796149f9,9/14/21 18:27,40.69047207,-73.98337253,6
135,9/14/21 18:27,smriti phone,ibeacon,9.768218193,1128410971,FALSE,1.6283E+12,76,-95,-59,,,,373,3,dc4f4e8e-d7b0-4e72-b609-97f2796149f9,9/14/21 18:27,40.69047207,-73.98337253,6
136,9/14/21 18:27,smriti phone,ibeacon,9.768218193,1128410971,FALSE,1.6283E+12,76,-95,-59,,,,373,3,dc4f4e8e-d7b0-4e72-b609-97f2796149f9,9/14/21 18:27,40.69048072,-73.9833729,6
137,9/14/21 18:27,smriti phone,ibeacon,9.768218193,1128410971,FALSE,1.6283E+12,76,-95,-59,,,,373,3,dc4f4e8e-d7b0-4e72-b609-97f2796149f9,9/14/21 18:27,40.69048072,-73.9833729,6
138,9/14/21 18:27,smriti phone,ibeacon,9.768218193,1128410971,FALSE,1.6283E+12,76,-95,-59,,,,373,3,dc4f4e8e-d7b0-4e72-b609-97f2796149f9,9/14/21 18:27,40.69049744,-73.98337408,6
139,9/14/21 18:27,smriti phone,ibeacon,9.768218193,1128410971,FALSE,1.6283E+12,76,-95,-59,,,,373,3,dc4f4e8e-d7b0-4e72-b609-97f2796149f9,9/14/21 18:27,40.69049744,-73.98337408,6
140,9/14/21 18:27,smriti phone,ibeacon,10.86444401,1128410976,FALSE,1.6283E+12,76,-92,-59,,,,373,8,dc4f4e8e-d7b0-4e72-b609-97f2796149f9,9/14/21 18:27,40.69049744,-73.98337408,6
141,9/14/21 18:27,smriti phone,ibeacon,10.86444401,1128410976,FALSE,1.6283E+12,76,-92,-59,,,,373,8,dc4f4e8e-d7b0-4e72-b609-97f2796149f9,9/14/21 18:27,40.69050577,-73.98337381,6
142,9/14/21 18:27,smriti phone,ibeacon,10.86444401,1128410976,FALSE,1.6283E+12,76,-92,-59,,,,373,8,dc4f4e8e-d7b0-4e72-b609-97f2796149f9,9/14/21 18:27,40.69050577,-73.98337381,6
143,9/14/21 18:27,smriti phone,ibeacon,10.86444401,1128410976,FALSE,1.6283E+12,76,-92,-59,,,,373,8,dc4f4e8e-d7b0-4e72-b609-97f2796149f9,9/14/21 18:27,40.69050577,-73.98337381,6
144,9/14/21 18:27,smriti phone,ibeacon,10.86444401,1128410976,FALSE,1.6283E+12,76,-92,-59,,,,373,8,dc4f4e8e-d7b0-4e72-b609-97f2796149f9,9/14/21 18:27,40.69051416,-73.98337433,6
145,9/14/21 18:27,smriti phone,ibeacon,10.86444401,1128410976,FALSE,1.6283E+12,76,-92,-59,,,,373,8,dc4f4e8e-d7b0-4e72-b609-97f2796149f9,9/14/21 18:27,40.69051416,-73.98337433,6
146,9/14/21 18:27,smriti phone,ibeacon,10.86444401,1128410976,FALSE,1.6283E+12,76,-92,-59,,,,373,8,dc4f4e8e-d7b0-4e72-b609-97f2796149f9,9/14/21 18:27,40.69053854,-73.98338031,6
147,9/14/21 18:27,smriti phone,ibeacon,10.86444401,1128410976,FALSE,1.6283E+12,76,-92,-59,,,,373,8,dc4f4e8e-d7b0-4e72-b609-97f2796149f9,9/14/21 18:27,40.69053854,-73.98338031,6
148,9/14/21 18:27,smriti phone,ibeacon,11.52031471,1128410976,FALSE,1.6283E+12,76,-96,-59,,,,373,8,dc4f4e8e-d7b0-4e72-b609-97f2796149f9,9/14/21 18:27,40.69053854,-73.98338031,6
149,9/14/21 18:27,smriti phone,ibeacon,10.12196531,1128410971,FALSE,1.6283E+12,76,-95,-59,,,,373,3,dc4f4e8e-d7b0-4e72-b609-97f2796149f9,9/14/21 18:27,40.69055243,-73.98339763,6
150,9/14/21 18:27,smriti phone,ibeacon,11.52031471,1128410976,FALSE,1.6283E+12,76,-96,-59,,,,373,8,dc4f4e8e-d7b0-4e72-b609-97f2796149f9,9/14/21 18:27,40.6905614,-73.98340178,5
151,9/14/21 18:27,smriti phone,ibeacon,10.12196531,1128410971,FALSE,1.6283E+12,76,-95,-59,,,,373,3,dc4f4e8e-d7b0-4e72-b609-97f2796149f9,9/14/21 18:27,40.69057309,-73.98339955,5
152,9/14/21 18:27,smriti phone,ibeacon,11.52031471,1128410976,FALSE,1.6283E+12,76,-96,-59,,,,373,8,dc4f4e8e-d7b0-4e72-b609-97f2796149f9,9/14/21 18:27,40.69057309,-73.98339955,5
153,9/14/21 18:27,smriti phone,ibeacon,10.12196531,1128410971,FALSE,1.6283E+12,76,-95,-59,,,,373,3,dc4f4e8e-d7b0-4e72-b609-97f2796149f9,9/14/21 18:27,40.69057309,-73.98339955,5
154,9/14/21 18:27,smriti phone,ibeacon,11.52031471,1128410976,FALSE,1.6283E+12,76,-96,-59,,,,373,8,dc4f4e8e-d7b0-4e72-b609-97f2796149f9,9/14/21 18:27,40.69059195,-73.9833963,5
155,9/14/21 18:27,smriti phone,ibeacon,10.12196531,1128410971,FALSE,1.6283E+12,76,-95,-59,,,,373,3,dc4f4e8e-d7b0-4e72-b609-97f2796149f9,9/14/21 18:27,40.69059195,-73.9833963,5
156,9/14/21 18:27,smriti phone,ibeacon,11.52031471,1128410976,FALSE,1.6283E+12,76,-96,-59,,,,373,8,dc4f4e8e-d7b0-4e72-b609-97f2796149f9,9/14/21 18:27,40.69059195,-73.9833963,5
157,9/14/21 18:27,smriti phone,ibeacon,10.12196531,1128410971,FALSE,1.6283E+12,76,-95,-59,,,,373,3,dc4f4e8e-d7b0-4e72-b609-97f2796149f9,9/14/21 18:27,40.69059694,-73.98340076,5
158,9/14/21 18:27,smriti phone,ibeacon,11.52031471,1128410976,FALSE,1.6283E+12,76,-96,-59,,,,373,8,dc4f4e8e-d7b0-4e72-b609-97f2796149f9,9/14/21 18:27,40.69060889,-73.9833992,6
159,9/14/21 18:27,smriti phone,ibeacon,11.52031471,1128410976,FALSE,1.6283E+12,76,-96,-59,,,,373,8,dc4f4e8e-d7b0-4e72-b609-97f2796149f9,9/14/21 18:27,40.69060889,-73.9833992,6
160,9/14/21 18:27,smriti phone,ibeacon,10.12196531,1128410971,FALSE,1.6283E+12,76,-95,-59,,,,373,3,dc4f4e8e-d7b0-4e72-b609-97f2796149f9,9/14/21 18:27,40.69061828,-73.98339976,6
161,9/14/21 18:27,smriti phone,ibeacon,11.52031471,1128410976,FALSE,1.6283E+12,76,-96,-59,,,,373,8,dc4f4e8e-d7b0-4e72-b609-97f2796149f9,9/14/21 18:27,40.69061828,-73.98339976,6
162,9/14/21 18:28,smriti phone,ibeacon,10.12196531,1128410971,FALSE,1.6283E+12,76,-95,-59,,,,373,3,dc4f4e8e-d7b0-4e72-b609-97f2796149f9,9/14/21 18:28,40.69062715,-73.98339881,6
163,9/14/21 18:28,smriti phone,ibeacon,11.52031471,1128410976,FALSE,1.6283E+12,76,-96,-59,,,,373,8,dc4f4e8e-d7b0-4e72-b609-97f2796149f9,9/14/21 18:28,40.69062715,-73.98339881,6
164,9/14/21 18:28,smriti phone,ibeacon,10.12196531,1128410971,FALSE,1.6283E+12,76,-95,-59,,,,373,3,dc4f4e8e-d7b0-4e72-b609-97f2796149f9,9/14/21 18:28,40.6906357,-73.98339725,6
165,9/14/21 18:28,smriti phone,ibeacon,11.52031471,1128410976,FALSE,1.6283E+12,76,-96,-59,,,,373,8,dc4f4e8e-d7b0-4e72-b609-97f2796149f9,9/14/21 18:28,40.6906357,-73.98339725,6
166,9/14/21 18:28,smriti phone,ibeacon,10.48726978,1128410971,FALSE,1.6283E+12,76,-93,-59,,,,373,3,dc4f4e8e-d7b0-4e72-b609-97f2796149f9,9/14/21 18:28,40.6906357,-73.98339725,6
167,9/14/21 18:28,smriti phone,ibeacon,10.48726978,1128410971,FALSE,1.6283E+12,76,-93,-59,,,,373,3,dc4f4e8e-d7b0-4e72-b609-97f2796149f9,9/14/21 18:28,40.69066976,-73.98339686,7
168,9/14/21 18:28,smriti phone,ibeacon,10.48726978,1128410971,FALSE,1.6283E+12,76,-93,-59,,,,373,3,dc4f4e8e-d7b0-4e72-b609-97f2796149f9,9/14/21 18:28,40.69067814,-73.98339678,7
169,9/14/21 18:28,smriti phone,ibeacon,10.48726978,1128410971,FALSE,1.6283E+12,76,-93,-59,,,,373,3,dc4f4e8e-d7b0-4e72-b609-97f2796149f9,9/14/21 18:28,40.69069495,-73.98339643,7
170,9/14/21 18:28,smriti phone,ibeacon,10.48726978,1128410971,FALSE,1.6283E+12,76,-93,-59,,,,373,3,dc4f4e8e-d7b0-4e72-b609-97f2796149f9,9/14/21 18:28,40.69072539,-73.98339374,7
171,9/14/21 18:28,smriti phone,ibeacon,10.48726978,1128410971,FALSE,1.6283E+12,76,-93,-59,,,,373,3,dc4f4e8e-d7b0-4e72-b609-97f2796149f9,9/14/21 18:28,40.69072539,-73.98339374,7
172,9/14/21 18:28,smriti phone,ibeacon,10.48726978,1128410971,FALSE,1.6283E+12,76,-93,-59,,,,373,3,dc4f4e8e-d7b0-4e72-b609-97f2796149f9,9/14/21 18:28,40.69072539,-73.98339374,7
173,9/14/21 18:28,smriti phone,ibeacon,10.48726978,1128410971,FALSE,1.6283E+12,76,-93,-59,,,,373,3,dc4f4e8e-d7b0-4e72-b609-97f2796149f9,9/14/21 18:28,40.69074902,-73.98339194,7
174,9/14/21 18:28,smriti phone,ibeacon,11.05758173,1128410976,FALSE,1.6283E+12,76,-92,-59,,,,373,8,dc4f4e8e-d7b0-4e72-b609-97f2796149f9,9/14/21 18:28,40.69074902,-73.98339194,7
175,9/14/21 18:28,smriti phone,ibeacon,11.05758173,1128410976,FALSE,1.6283E+12,76,-92,-59,,,,373,8,dc4f4e8e-d7b0-4e72-b609-97f2796149f9,9/14/21 18:28,40.69078201,-73.98339601,8
176,9/14/21 18:28,smriti phone,ibeacon,11.05758173,1128410976,FALSE,1.6283E+12,76,-92,-59,,,,373,8,dc4f4e8e-d7b0-4e72-b609-97f2796149f9,9/14/21 18:28,40.69078201,-73.98339601,8
177,9/14/21 18:28,smriti phone,ibeacon,11.05758173,1128410976,FALSE,1.6283E+12,76,-92,-59,,,,373,8,dc4f4e8e-d7b0-4e72-b609-97f2796149f9,9/14/21 18:28,40.69078201,-73.98339601,8
178,9/14/21 18:28,smriti phone,ibeacon,11.05758173,1128410976,FALSE,1.6283E+12,76,-92,-59,,,,373,8,dc4f4e8e-d7b0-4e72-b609-97f2796149f9,9/14/21 18:28,40.69084267,-73.98339411,9
179,9/14/21 18:28,smriti phone,ibeacon,11.05758173,1128410976,FALSE,1.6283E+12,76,-92,-59,,,,373,8,dc4f4e8e-d7b0-4e72-b609-97f2796149f9,9/14/21 18:28,40.69084267,-73.98339411,9
180,9/14/21 18:28,smriti phone,ibeacon,11.05758173,1128410976,FALSE,1.6283E+12,76,-92,-59,,,,373,8,dc4f4e8e-d7b0-4e72-b609-97f2796149f9,9/14/21 18:28,40.69084267,-73.98339411,9
181,9/14/21 18:28,smriti phone,ibeacon,5.078710552,-1205368742,FALSE,1.6283E+12,76,-91,-65,,,,1,0,9eb353a0-69b6-4947-b710-bae643c8bca5,9/14/21 18:28,40.6908767,-73.98338845,10
182,9/14/21 18:28,smriti phone,ibeacon,5.078710552,-1205368742,FALSE,1.6283E+12,76,-91,-65,,,,1,0,9eb353a0-69b6-4947-b710-bae643c8bca5,9/14/21 18:28,40.6908767,-73.98338845,10
183,9/14/21 18:28,smriti phone,ibeacon,5.078710552,-1205368742,FALSE,1.6283E+12,76,-91,-65,,,,1,0,9eb353a0-69b6-4947-b710-bae643c8bca5,9/14/21 18:28,40.6908767,-73.98338845,10
184,9/14/21 18:28,smriti phone,ibeacon,5.078710552,-1205368742,FALSE,1.6283E+12,76,-91,-65,,,,1,0,9eb353a0-69b6-4947-b710-bae643c8bca5,9/14/21 18:28,40.69089274,-73.98337645,10
185,9/14/21 18:28,smriti phone,ibeacon,5.078710552,-1205368742,FALSE,1.6283E+12,76,-91,-65,,,,1,0,9eb353a0-69b6-4947-b710-bae643c8bca5,9/14/21 18:28,40.69089274,-73.98337645,10
186,9/14/21 18:28,smriti phone,ibeacon,5.078710552,-1205368742,FALSE,1.6283E+12,76,-91,-65,,,,1,0,9eb353a0-69b6-4947-b710-bae643c8bca5,9/14/21 18:28,40.69091002,-73.98337316,11
187,9/14/21 18:28,smriti phone,ibeacon,4.909543852,-1205368742,FALSE,1.6283E+12,76,-91,-65,,,,1,0,9eb353a0-69b6-4947-b710-bae643c8bca5,9/14/21 18:28,40.69091002,-73.98337316,11
188,9/14/21 18:28,smriti phone,ibeacon,4.909543852,-1205368742,FALSE,1.6283E+12,76,-91,-65,,,,1,0,9eb353a0-69b6-4947-b710-bae643c8bca5,9/14/21 18:28,40.69092727,-73.98337333,11
189,9/14/21 18:28,smriti phone,ibeacon,4.909543852,-1205368742,FALSE,1.6283E+12,76,-91,-65,,,,1,0,9eb353a0-69b6-4947-b710-bae643c8bca5,9/14/21 18:28,40.69093591,-73.98337313,11
190,9/14/21 18:28,smriti phone,ibeacon,4.909543852,-1205368742,FALSE,1.6283E+12,76,-91,-65,,,,1,0,9eb353a0-69b6-4947-b710-bae643c8bca5,9/14/21 18:28,40.69094455,-73.98337238,11
191,9/14/21 18:28,smriti phone,ibeacon,4.909543852,-1205368742,FALSE,1.6283E+12,76,-91,-65,,,,1,0,9eb353a0-69b6-4947-b710-bae643c8bca5,9/14/21 18:28,40.69094455,-73.98337238,11
192,9/14/21 18:28,smriti phone,ibeacon,4.909543852,-1205368742,FALSE,1.6283E+12,76,-91,-65,,,,1,0,9eb353a0-69b6-4947-b710-bae643c8bca5,9/14/21 18:28,40.69096192,-73.98337197,10
193,9/14/21 18:28,smriti phone,ibeacon,4.909543852,-1205368742,FALSE,1.6283E+12,76,-91,-65,,,,1,0,9eb353a0-69b6-4947-b710-bae643c8bca5,9/14/21 18:28,40.69096192,-73.98337197,10
194,9/14/21 18:28,smriti phone,ibeacon,4.909543852,-1205368742,FALSE,1.6283E+12,76,-91,-65,,,,1,0,9eb353a0-69b6-4947-b710-bae643c8bca5,9/14/21 18:28,40.69096192,-73.98337197,10
195,9/14/21 18:28,smriti phone,ibeacon,4.909543852,-1205368742,FALSE,1.6283E+12,76,-91,-65,,,,1,0,9eb353a0-69b6-4947-b710-bae643c8bca5,9/14/21 18:28,40.69097918,-73.9833718,11
196,9/14/21 18:28,smriti phone,ibeacon,9.768218193,1128410976,FALSE,1.6283E+12,76,-92,-59,,,,373,8,dc4f4e8e-d7b0-4e72-b609-97f2796149f9,9/14/21 18:28,40.69097918,-73.9833718,11
197,9/14/21 18:28,smriti phone,ibeacon,9.768218193,1128410976,FALSE,1.6283E+12,76,-92,-59,,,,373,8,dc4f4e8e-d7b0-4e72-b609-97f2796149f9,9/14/21 18:28,40.69097918,-73.9833718,11
198,9/14/21 18:28,smriti phone,ibeacon,9.768218193,1128410976,FALSE,1.6283E+12,76,-92,-59,,,,373,8,dc4f4e8e-d7b0-4e72-b609-97f2796149f9,9/14/21 18:28,40.69098779,-73.98337193,11
199,9/14/21 18:28,smriti phone,ibeacon,9.768218193,1128410976,FALSE,1.6283E+12,76,-92,-59,,,,373,8,dc4f4e8e-d7b0-4e72-b609-97f2796149f9,9/14/21 18:28,40.69098779,-73.98337193,11
200,9/14/21 18:28,smriti phone,ibeacon,9.768218193,1128410976,FALSE,1.6283E+12,76,-92,-59,,,,373,8,dc4f4e8e-d7b0-4e72-b609-97f2796149f9,9/14/21 18:28,40.69098779,-73.98337193,11
201,9/14/21 18:28,smriti phone,ibeacon,9.768218193,1128410976,FALSE,1.6283E+12,76,-92,-59,,,,373,8,dc4f4e8e-d7b0-4e72-b609-97f2796149f9,9/14/21 18:28,40.69099645,-73.98337196,10
202,9/14/21 18:28,smriti phone,ibeacon,9.768218193,1128410976,FALSE,1.6283E+12,76,-92,-59,,,,373,8,dc4f4e8e-d7b0-4e72-b609-97f2796149f9,9/14/21 18:28,40.69099645,-73.98337196,10
203,9/14/21 18:28,smriti phone,ibeacon,10.67435339,1128410971,FALSE,1.6283E+12,76,-91,-59,,,,373,3,dc4f4e8e-d7b0-4e72-b609-97f2796149f9,9/14/21 18:28,40.69100516,-73.98337112,10
204,9/14/21 18:28,smriti phone,ibeacon,5.078710552,-1205368742,FALSE,1.6283E+12,76,-95,-65,,,,1,0,9eb353a0-69b6-4947-b710-bae643c8bca5,9/14/21 18:28,40.69100516,-73.98337112,10
205,9/14/21 18:28,smriti phone,ibeacon,10.67435339,1128410971,FALSE,1.6283E+12,76,-91,-59,,,,373,3,dc4f4e8e-d7b0-4e72-b609-97f2796149f9,9/14/21 18:28,40.69102259,-73.98337035,10
206,9/14/21 18:28,smriti phone,ibeacon,5.078710552,-1205368742,FALSE,1.6283E+12,76,-95,-65,,,,1,0,9eb353a0-69b6-4947-b710-bae643c8bca5,9/14/21 18:28,40.69102259,-73.98337035,10
207,9/14/21 18:28,smriti phone,ibeacon,10.67435339,1128410971,FALSE,1.6283E+12,76,-91,-59,,,,373,3,dc4f4e8e-d7b0-4e72-b609-97f2796149f9,9/14/21 18:28,40.69103128,-73.98337054,10
208,9/14/21 18:28,smriti phone,ibeacon,5.078710552,-1205368742,FALSE,1.6283E+12,76,-95,-65,,,,1,0,9eb353a0-69b6-4947-b710-bae643c8bca5,9/14/21 18:28,40.69103128,-73.98337054,10
209,9/14/21 18:28,smriti phone,ibeacon,10.67435339,1128410971,FALSE,1.6283E+12,76,-91,-59,,,,373,3,dc4f4e8e-d7b0-4e72-b609-97f2796149f9,9/14/21 18:28,40.69104857,-73.98337114,9
210,9/14/21 18:28,smriti phone,ibeacon,5.078710552,-1205368742,FALSE,1.6283E+12,76,-95,-65,,,,1,0,9eb353a0-69b6-4947-b710-bae643c8bca5,9/14/21 18:28,40.69104857,-73.98337114,9
211,9/14/21 18:28,smriti phone,ibeacon,10.67435339,1128410971,FALSE,1.6283E+12,76,-91,-59,,,,373,3,dc4f4e8e-d7b0-4e72-b609-97f2796149f9,9/14/21 18:28,40.69104857,-73.98337114,9
212,9/14/21 18:28,smriti phone,ibeacon,5.078710552,-1205368742,FALSE,1.6283E+12,76,-95,-65,,,,1,0,9eb353a0-69b6-4947-b710-bae643c8bca5,9/14/21 18:28,40.69105728,-73.98337092,9
213,9/14/21 18:28,smriti phone,ibeacon,10.67435339,1128410971,FALSE,1.6283E+12,76,-91,-59,,,,373,3,dc4f4e8e-d7b0-4e72-b609-97f2796149f9,9/14/21 18:28,40.69107465,-73.98336896,8
214,9/14/21 18:28,smriti phone,ibeacon,5.078710552,-1205368742,FALSE,1.6283E+12,76,-95,-65,,,,1,0,9eb353a0-69b6-4947-b710-bae643c8bca5,9/14/21 18:28,40.69107465,-73.98336896,8
215,9/14/21 18:28,smriti phone,ibeacon,10.67435339,1128410971,FALSE,1.6283E+12,76,-91,-59,,,,373,3,dc4f4e8e-d7b0-4e72-b609-97f2796149f9,9/14/21 18:28,40.69110084,-73.9833688,8
216,9/14/21 18:28,smriti phone,ibeacon,5.078710552,-1205368742,FALSE,1.6283E+12,76,-95,-65,,,,1,0,9eb353a0-69b6-4947-b710-bae643c8bca5,9/14/21 18:28,40.69110084,-73.9833688,8
217,9/14/21 18:28,smriti phone,ibeacon,10.67435339,1128410971,FALSE,1.6283E+12,76,-91,-59,,,,373,3,dc4f4e8e-d7b0-4e72-b609-97f2796149f9,9/14/21 18:28,40.69111803,-73.98336876,8
218,9/14/21 18:28,smriti phone,ibeacon,5.078710552,-1205368742,FALSE,1.6283E+12,76,-95,-65,,,,1,0,9eb353a0-69b6-4947-b710-bae643c8bca5,9/14/21 18:28,40.69111803,-73.98336876,8
219,9/14/21 18:28,smriti phone,ibeacon,10.67435339,1128410971,FALSE,1.6283E+12,76,-91,-59,,,,373,3,dc4f4e8e-d7b0-4e72-b609-97f2796149f9,9/14/21 18:28,40.69113511,-73.98336776,8
220,9/14/21 18:28,smriti phone,ibeacon,5.078710552,-1205368742,FALSE,1.6283E+12,76,-95,-65,,,,1,0,9eb353a0-69b6-4947-b710-bae643c8bca5,9/14/21 18:28,40.69113511,-73.98336776,8
221,9/14/21 18:28,smriti phone,ibeacon,10.67435339,1128410971,FALSE,1.6283E+12,76,-91,-59,,,,373,3,dc4f4e8e-d7b0-4e72-b609-97f2796149f9,9/14/21 18:28,40.69113511,-73.98336776,8
222,9/14/21 18:29,smriti phone,ibeacon,10.67435339,1128410971,FALSE,1.6283E+12,76,-91,-59,,,,373,3,dc4f4e8e-d7b0-4e72-b609-97f2796149f9,9/14/21 18:29,40.69115211,-73.98336821,8
223,9/14/21 18:29,smriti phone,ibeacon,9.768218193,1128410971,FALSE,1.6283E+12,76,-90,-59,,,,373,3,dc4f4e8e-d7b0-4e72-b609-97f2796149f9,9/14/21 18:29,40.69115211,-73.98336821,8
224,9/14/21 18:29,smriti phone,ibeacon,9.768218193,1128410971,FALSE,1.6283E+12,76,-90,-59,,,,373,3,dc4f4e8e-d7b0-4e72-b609-97f2796149f9,9/14/21 18:29,40.69117754,-73.98336877,8
225,9/14/21 18:29,smriti phone,ibeacon,9.768218193,1128410971,FALSE,1.6283E+12,76,-90,-59,,,,373,3,dc4f4e8e-d7b0-4e72-b609-97f2796149f9,9/14/21 18:29,40.69117754,-73.98336877,8
226,9/14/21 18:29,smriti phone,ibeacon,9.768218193,1128410971,FALSE,1.6283E+12,76,-90,-59,,,,373,3,dc4f4e8e-d7b0-4e72-b609-97f2796149f9,9/14/21 18:29,40.69117754,-73.98336877,8
227,9/14/21 18:29,smriti phone,ibeacon,9.768218193,1128410971,FALSE,1.6283E+12,76,-90,-59,,,,373,3,dc4f4e8e-d7b0-4e72-b609-97f2796149f9,9/14/21 18:29,40.691186,-73.98336844,8
228,9/14/21 18:29,smriti phone,ibeacon,9.768218193,1128410971,FALSE,1.6283E+12,76,-90,-59,,,,373,3,dc4f4e8e-d7b0-4e72-b609-97f2796149f9,9/14/21 18:29,40.691186,-73.98336844,8
229,9/14/21 18:29,smriti phone,ibeacon,9.768218193,1128410976,FALSE,1.6283E+12,76,-89,-59,,,,373,8,dc4f4e8e-d7b0-4e72-b609-97f2796149f9,9/14/21 18:29,40.691186,-73.98336844,8
230,9/14/21 18:29,smriti phone,ibeacon,9.768218193,1128410976,FALSE,1.6283E+12,76,-89,-59,,,,373,8,dc4f4e8e-d7b0-4e72-b609-97f2796149f9,9/14/21 18:29,40.6912113,-73.98336774,8
231,9/14/21 18:29,smriti phone,ibeacon,9.768218193,1128410976,FALSE,1.6283E+12,76,-89,-59,,,,373,8,dc4f4e8e-d7b0-4e72-b609-97f2796149f9,9/14/21 18:29,40.6912113,-73.98336774,8
232,9/14/21 18:29,smriti phone,ibeacon,9.768218193,1128410976,FALSE,1.6283E+12,76,-89,-59,,,,373,8,dc4f4e8e-d7b0-4e72-b609-97f2796149f9,9/14/21 18:29,40.6912113,-73.98336774,8
233,9/14/21 18:29,smriti phone,ibeacon,9.768218193,1128410976,FALSE,1.6283E+12,76,-89,-59,,,,373,8,dc4f4e8e-d7b0-4e72-b609-97f2796149f9,9/14/21 18:29,40.69121969,-73.98336712,9
234,9/14/21 18:29,smriti phone,ibeacon,9.768218193,1128410976,FALSE,1.6283E+12,76,-89,-59,,,,373,8,dc4f4e8e-d7b0-4e72-b609-97f2796149f9,9/14/21 18:29,40.69121969,-73.98336712,9
235,9/14/21 18:29,smriti phone,ibeacon,9.768218193,1128410976,FALSE,1.6283E+12,76,-89,-59,,,,373,8,dc4f4e8e-d7b0-4e72-b609-97f2796149f9,9/14/21 18:29,40.69124456,-73.98336689,9
236,9/14/21 18:29,smriti phone,ibeacon,9.768218193,1128410976,FALSE,1.6283E+12,76,-89,-59,,,,373,8,dc4f4e8e-d7b0-4e72-b609-97f2796149f9,9/14/21 18:29,40.69124456,-73.98336689,9
237,9/14/21 18:29,smriti phone,ibeacon,9.768218193,1128410976,FALSE,1.6283E+12,76,-89,-59,,,,373,8,dc4f4e8e-d7b0-4e72-b609-97f2796149f9,9/14/21 18:29,40.69124456,-73.98336689,9
238,9/14/21 18:29,smriti phone,ibeacon,9.768218193,1128410976,FALSE,1.6283E+12,76,-89,-59,,,,373,8,dc4f4e8e-d7b0-4e72-b609-97f2796149f9,9/14/21 18:29,40.69125269,-73.98336685,9
239,9/14/21 18:29,smriti phone,ibeacon,10.78804436,1128410976,FALSE,1.6283E+12,76,-95,-59,,,,373,8,dc4f4e8e-d7b0-4e72-b609-97f2796149f9,9/14/21 18:29,40.69125269,-73.98336685,9
240,9/14/21 18:29,smriti phone,ibeacon,10.78804436,1128410976,FALSE,1.6283E+12,76,-95,-59,,,,373,8,dc4f4e8e-d7b0-4e72-b609-97f2796149f9,9/14/21 18:29,40.69126083,-73.98336679,9
241,9/14/21 18:29,smriti phone,ibeacon,10.78804436,1128410976,FALSE,1.6283E+12,76,-95,-59,,,,373,8,dc4f4e8e-d7b0-4e72-b609-97f2796149f9,9/14/21 18:29,40.69126083,-73.98336679,9
242,9/14/21 18:29,smriti phone,ibeacon,9.768218193,1128410971,FALSE,1.6283E+12,76,-92,-59,,,,373,3,dc4f4e8e-d7b0-4e72-b609-97f2796149f9,9/14/21 18:29,40.6913274,-73.98336679,8
243,9/14/21 18:29,smriti phone,ibeacon,9.768218193,1128410971,FALSE,1.6283E+12,76,-92,-59,,,,373,3,dc4f4e8e-d7b0-4e72-b609-97f2796149f9,9/14/21 18:29,40.6913274,-73.98336679,8
244,9/14/21 18:29,smriti phone,ibeacon,9.768218193,1128410971,FALSE,1.6283E+12,76,-92,-59,,,,373,3,dc4f4e8e-d7b0-4e72-b609-97f2796149f9,9/14/21 18:29,40.6913274,-73.98336679,8
245,9/14/21 18:29,smriti phone,ibeacon,9.768218193,1128410971,FALSE,1.6283E+12,76,-92,-59,,,,373,3,dc4f4e8e-d7b0-4e72-b609-97f2796149f9,9/14/21 18:29,40.69139655,-73.98336486,7
246,9/14/21 18:29,smriti phone,ibeacon,9.768218193,1128410971,FALSE,1.6283E+12,76,-92,-59,,,,373,3,dc4f4e8e-d7b0-4e72-b609-97f2796149f9,9/14/21 18:29,40.69139655,-73.98336486,7
247,9/14/21 18:29,smriti phone,ibeacon,10.27709112,1128410976,FALSE,1.6283E+12,76,-93,-59,,,,373,8,dc4f4e8e-d7b0-4e72-b609-97f2796149f9,9/14/21 18:29,40.69139655,-73.98336486,7
248,9/14/21 18:29,smriti phone,ibeacon,10.27709112,1128410976,FALSE,1.6283E+12,76,-93,-59,,,,373,8,dc4f4e8e-d7b0-4e72-b609-97f2796149f9,9/14/21 18:29,40.69141375,-73.98336574,8
249,9/14/21 18:29,smriti phone,ibeacon,10.27709112,1128410976,FALSE,1.6283E+12,76,-93,-59,,,,373,8,dc4f4e8e-d7b0-4e72-b609-97f2796149f9,9/14/21 18:29,40.69141375,-73.98336574,8
250,9/14/21 18:29,smriti phone,ibeacon,10.27709112,1128410976,FALSE,1.6283E+12,76,-93,-59,,,,373,8,dc4f4e8e-d7b0-4e72-b609-97f2796149f9,9/14/21 18:29,40.69150899,-73.98336382,6
251,9/14/21 18:29,smriti phone,ibeacon,10.27709112,1128410976,FALSE,1.6283E+12,76,-93,-59,,,,373,8,dc4f4e8e-d7b0-4e72-b609-97f2796149f9,9/14/21 18:29,40.69150899,-73.98336382,6
252,9/14/21 18:29,smriti phone,ibeacon,10.39484319,1128410976,FALSE,1.6283E+12,76,-93,-59,,,,373,8,dc4f4e8e-d7b0-4e72-b609-97f2796149f9,9/14/21 18:29,40.69152217,-73.98336374,5
253,9/14/21 18:29,smriti phone,ibeacon,10.39484319,1128410976,FALSE,1.6283E+12,76,-93,-59,,,,373,8,dc4f4e8e-d7b0-4e72-b609-97f2796149f9,9/14/21 18:29,40.69152217,-73.98336374,5
254,9/14/21 18:29,smriti phone,ibeacon,10.39484319,1128410976,FALSE,1.6283E+12,76,-93,-59,,,,373,8,dc4f4e8e-d7b0-4e72-b609-97f2796149f9,9/14/21 18:29,40.6915193,-73.98339426,5
255,9/14/21 18:29,smriti phone,ibeacon,10.39484319,1128410976,FALSE,1.6283E+12,76,-93,-59,,,,373,8,dc4f4e8e-d7b0-4e72-b609-97f2796149f9,9/14/21 18:29,40.69151856,-73.98339447,6
256,9/14/21 18:29,smriti phone,ibeacon,10.39484319,1128410976,FALSE,1.6283E+12,76,-93,-59,,,,373,8,dc4f4e8e-d7b0-4e72-b609-97f2796149f9,9/14/21 18:29,40.69151856,-73.98339447,6
257,9/14/21 18:30,smriti phone,ibeacon,10.33974126,1128410976,FALSE,1.6283E+12,76,-92,-59,,,,373,8,dc4f4e8e-d7b0-4e72-b609-97f2796149f9,9/14/21 18:30,40.69173252,-73.9838172,9
258,9/14/21 18:30,smriti phone,ibeacon,10.33974126,1128410976,FALSE,1.6283E+12,76,-92,-59,,,,373,8,dc4f4e8e-d7b0-4e72-b609-97f2796149f9,9/14/21 18:30,40.69179342,-73.98398463,9
259,9/14/21 18:30,smriti phone,ibeacon,10.33974126,1128410976,FALSE,1.6283E+12,76,-92,-59,,,,373,8,dc4f4e8e-d7b0-4e72-b609-97f2796149f9,9/14/21 18:30,40.69179342,-73.98398463,9
260,9/14/21 18:30,smriti phone,ibeacon,10.33974126,1128410976,FALSE,1.6283E+12,76,-92,-59,,,,373,8,dc4f4e8e-d7b0-4e72-b609-97f2796149f9,9/14/21 18:30,40.69179342,-73.98398463,9
261,9/14/21 18:30,smriti phone,ibeacon,10.33974126,1128410976,FALSE,1.6283E+12,76,-92,-59,,,,373,8,dc4f4e8e-d7b0-4e72-b609-97f2796149f9,9/14/21 18:30,40.69179923,-73.98399496,8
262,9/14/21 18:30,smriti phone,ibeacon,9.571148047,1128410971,FALSE,1.6283E+12,76,-89,-59,,,,373,3,dc4f4e8e-d7b0-4e72-b609-97f2796149f9,9/14/21 18:30,40.69179923,-73.98399496,8
263,9/14/21 18:30,smriti phone,ibeacon,9.595582826,1128410976,FALSE,1.6283E+12,76,-88,-59,,,,373,8,dc4f4e8e-d7b0-4e72-b609-97f2796149f9,9/14/21 18:30,40.69187116,-73.9842277,8
264,9/14/21 18:30,smriti phone,ibeacon,9.571148047,1128410971,FALSE,1.6283E+12,76,-89,-59,,,,373,3,dc4f4e8e-d7b0-4e72-b609-97f2796149f9,9/14/21 18:30,40.69187116,-73.9842277,8
265,9/14/21 18:31,smriti phone,ibeacon,9.595582826,1128410976,FALSE,1.6283E+12,76,-88,-59,,,,373,8,dc4f4e8e-d7b0-4e72-b609-97f2796149f9,9/14/21 18:31,40.69187634,-73.98423979,8
266,9/14/21 18:31,smriti phone,ibeacon,9.571148047,1128410971,FALSE,1.6283E+12,76,-89,-59,,,,373,3,dc4f4e8e-d7b0-4e72-b609-97f2796149f9,9/14/21 18:31,40.69187634,-73.98423979,8
267,9/14/21 18:31,smriti phone,ibeacon,9.595582826,1128410976,FALSE,1.6283E+12,76,-88,-59,,,,373,8,dc4f4e8e-d7b0-4e72-b609-97f2796149f9,9/14/21 18:31,40.69188287,-73.98425454,8
268,9/14/21 18:31,smriti phone,ibeacon,9.571148047,1128410971,FALSE,1.6283E+12,76,-89,-59,,,,373,3,dc4f4e8e-d7b0-4e72-b609-97f2796149f9,9/14/21 18:31,40.69188287,-73.98425454,8
269,9/14/21 18:31,smriti phone,ibeacon,9.595582826,1128410976,FALSE,1.6283E+12,76,-88,-59,,,,373,8,dc4f4e8e-d7b0-4e72-b609-97f2796149f9,9/14/21 18:31,40.69188287,-73.98425454,8
270,9/14/21 18:31,smriti phone,ibeacon,9.571148047,1128410971,FALSE,1.6283E+12,76,-89,-59,,,,373,3,dc4f4e8e-d7b0-4e72-b609-97f2796149f9,9/14/21 18:31,40.69189223,-73.98426638,8
271,9/14/21 18:31,smriti phone,ibeacon,9.595582826,1128410976,FALSE,1.6283E+12,76,-88,-59,,,,373,8,dc4f4e8e-d7b0-4e72-b609-97f2796149f9,9/14/21 18:31,40.6918967,-73.98440093,9
272,9/14/21 18:31,smriti phone,ibeacon,9.571148047,1128410971,FALSE,1.6283E+12,76,-89,-59,,,,373,3,dc4f4e8e-d7b0-4e72-b609-97f2796149f9,9/14/21 18:31,40.6918967,-73.98440093,9
273,9/14/21 18:31,smriti phone,ibeacon,9.571148047,1128410976,FALSE,1.6283E+12,76,-93,-59,,,,373,8,dc4f4e8e-d7b0-4e72-b609-97f2796149f9,9/14/21 18:31,40.69190403,-73.98452256,7
274,9/14/21 18:31,smriti phone,ibeacon,9.571148047,1128410976,FALSE,1.6283E+12,76,-93,-59,,,,373,8,dc4f4e8e-d7b0-4e72-b609-97f2796149f9,9/14/21 18:31,40.69190403,-73.98452256,7
275,9/14/21 18:31,smriti phone,ibeacon,9.571148047,1128410976,FALSE,1.6283E+12,76,-93,-59,,,,373,8,dc4f4e8e-d7b0-4e72-b609-97f2796149f9,9/14/21 18:31,40.69190403,-73.98452256,7
276,9/14/21 18:31,smriti phone,ibeacon,9.571148047,1128410976,FALSE,1.6283E+12,76,-93,-59,,,,373,8,dc4f4e8e-d7b0-4e72-b609-97f2796149f9,9/14/21 18:31,40.6919026,-73.98453443,7
277,9/14/21 18:31,smriti phone,ibeacon,9.571148047,1128410976,FALSE,1.6283E+12,76,-93,-59,,,,373,8,dc4f4e8e-d7b0-4e72-b609-97f2796149f9,9/14/21 18:31,40.6919026,-73.98453443,7
278,9/14/21 18:31,smriti phone,ibeacon,9.571148047,1128410976,FALSE,1.6283E+12,76,-93,-59,,,,373,8,dc4f4e8e-d7b0-4e72-b609-97f2796149f9,9/14/21 18:31,40.6919026,-73.98453443,7
279,9/14/21 18:31,smriti phone,ibeacon,9.571148047,1128410976,FALSE,1.6283E+12,76,-93,-59,,,,373,8,dc4f4e8e-d7b0-4e72-b609-97f2796149f9,9/14/21 18:31,40.69190456,-73.98455086,7
280,9/14/21 18:31,smriti phone,ibeacon,9.571148047,1128410976,FALSE,1.6283E+12,76,-93,-59,,,,373,8,dc4f4e8e-d7b0-4e72-b609-97f2796149f9,9/14/21 18:31,40.69190456,-73.98455086,7
281,9/14/21 18:31,smriti phone,ibeacon,5.878327631,-1205368742,FALSE,1.6283E+12,76,-98,-65,,,,1,0,9eb353a0-69b6-4947-b710-bae643c8bca5,9/14/21 18:31,40.69189996,-73.98457859,7
282,9/14/21 18:31,smriti phone,ibeacon,9.571148047,1128410976,FALSE,1.6283E+12,76,-93,-59,,,,373,8,dc4f4e8e-d7b0-4e72-b609-97f2796149f9,9/14/21 18:31,40.69189996,-73.98457859,7
283,9/14/21 18:31,smriti phone,ibeacon,9.571148047,1128410976,FALSE,1.6283E+12,76,-93,-59,,,,373,8,dc4f4e8e-d7b0-4e72-b609-97f2796149f9,9/14/21 18:31,40.69190406,-73.98459162,7
284,9/14/21 18:31,smriti phone,ibeacon,9.377695656,1128410976,FALSE,1.6283E+12,76,-91,-59,,,,373,8,dc4f4e8e-d7b0-4e72-b609-97f2796149f9,9/14/21 18:31,40.69190406,-73.98459162,7
285,9/14/21 18:31,smriti phone,ibeacon,9.377695656,1128410976,FALSE,1.6283E+12,76,-91,-59,,,,373,8,dc4f4e8e-d7b0-4e72-b609-97f2796149f9,9/14/21 18:31,40.69190518,-73.98461721,7
286,9/14/21 18:31,smriti phone,ibeacon,9.377695656,1128410976,FALSE,1.6283E+12,76,-91,-59,,,,373,8,dc4f4e8e-d7b0-4e72-b609-97f2796149f9,9/14/21 18:31,40.69190518,-73.98461721,7
287,9/14/21 18:31,smriti phone,ibeacon,9.377695656,1128410976,FALSE,1.6283E+12,76,-91,-59,,,,373,8,dc4f4e8e-d7b0-4e72-b609-97f2796149f9,9/14/21 18:31,40.69190729,-73.98462892,7
288,9/14/21 18:31,smriti phone,ibeacon,9.377695656,1128410976,FALSE,1.6283E+12,76,-91,-59,,,,373,8,dc4f4e8e-d7b0-4e72-b609-97f2796149f9,9/14/21 18:31,40.69190729,-73.98462892,7
289,9/14/21 18:31,smriti phone,ibeacon,8.571209523,1128410976,FALSE,1.6283E+12,76,-82,-59,,,,373,8,dc4f4e8e-d7b0-4e72-b609-97f2796149f9,9/14/21 18:31,40.69190581,-73.98464238,7
290,9/14/21 18:31,smriti phone,ibeacon,8.571209523,1128410976,FALSE,1.6283E+12,76,-82,-59,,,,373,8,dc4f4e8e-d7b0-4e72-b609-97f2796149f9,9/14/21 18:31,40.69190634,-73.98465893,7
291,9/14/21 18:31,smriti phone,ibeacon,8.571209523,1128410976,FALSE,1.6283E+12,76,-82,-59,,,,373,8,dc4f4e8e-d7b0-4e72-b609-97f2796149f9,9/14/21 18:31,40.69190634,-73.98465893,7
292,9/14/21 18:31,smriti phone,ibeacon,8.571209523,1128410976,FALSE,1.6283E+12,76,-82,-59,,,,373,8,dc4f4e8e-d7b0-4e72-b609-97f2796149f9,9/14/21 18:31,40.69190634,-73.98465893,7
293,9/14/21 18:31,smriti phone,ibeacon,8.571209523,1128410976,FALSE,1.6283E+12,76,-82,-59,,,,373,8,dc4f4e8e-d7b0-4e72-b609-97f2796149f9,9/14/21 18:31,40.69190537,-73.98468783,7
294,9/14/21 18:31,smriti phone,ibeacon,8.571209523,1128410976,FALSE,1.6283E+12,76,-82,-59,,,,373,8,dc4f4e8e-d7b0-4e72-b609-97f2796149f9,9/14/21 18:31,40.69190537,-73.98468783,7
295,9/14/21 18:31,smriti phone,ibeacon,8.571209523,1128410976,FALSE,1.6283E+12,76,-82,-59,,,,373,8,dc4f4e8e-d7b0-4e72-b609-97f2796149f9,9/14/21 18:31,40.69190537,-73.98468783,7
296,9/14/21 18:31,smriti phone,ibeacon,8.571209523,1128410976,FALSE,1.6283E+12,76,-82,-59,,,,373,8,dc4f4e8e-d7b0-4e72-b609-97f2796149f9,9/14/21 18:31,40.69190972,-73.98471518,7
297,9/14/21 18:31,smriti phone,ibeacon,8.571209523,1128410976,FALSE,1.6283E+12,76,-82,-59,,,,373,8,dc4f4e8e-d7b0-4e72-b609-97f2796149f9,9/14/21 18:31,40.69190972,-73.98471518,7
298,9/14/21 18:31,smriti phone,ibeacon,8.571209523,1128410976,FALSE,1.6283E+12,76,-82,-59,,,,373,8,dc4f4e8e-d7b0-4e72-b609-97f2796149f9,9/14/21 18:31,40.69190972,-73.98471518,7
299,9/14/21 18:31,smriti phone,ibeacon,7.897783392,1128410976,FALSE,1.6283E+12,76,-82,-59,,,,373,8,dc4f4e8e-d7b0-4e72-b609-97f2796149f9,9/14/21 18:31,40.6919109,-73.98474087,7
300,9/14/21 18:31,smriti phone,ibeacon,7.897783392,1128410976,FALSE,1.6283E+12,76,-82,-59,,,,373,8,dc4f4e8e-d7b0-4e72-b609-97f2796149f9,9/14/21 18:31,40.6919109,-73.98474087,7
301,9/14/21 18:31,smriti phone,ibeacon,7.897783392,1128410976,FALSE,1.6283E+12,76,-82,-59,,,,373,8,dc4f4e8e-d7b0-4e72-b609-97f2796149f9,9/14/21 18:31,40.69191538,-73.98477635,7
302,9/14/21 18:31,smriti phone,ibeacon,7.897783392,1128410976,FALSE,1.6283E+12,76,-82,-59,,,,373,8,dc4f4e8e-d7b0-4e72-b609-97f2796149f9,9/14/21 18:31,40.69191538,-73.98477635,7
303,9/14/21 18:31,smriti phone,ibeacon,7.897783392,1128410976,FALSE,1.6283E+12,76,-82,-59,,,,373,8,dc4f4e8e-d7b0-4e72-b609-97f2796149f9,9/14/21 18:31,40.69191538,-73.98477635,7
304,9/14/21 18:31,smriti phone,ibeacon,7.897783392,1128410976,FALSE,1.6283E+12,76,-82,-59,,,,373,8,dc4f4e8e-d7b0-4e72-b609-97f2796149f9,9/14/21 18:31,40.69191615,-73.98480826,7
305,9/14/21 18:31,smriti phone,ibeacon,7.897783392,1128410976,FALSE,1.6283E+12,76,-82,-59,,,,373,8,dc4f4e8e-d7b0-4e72-b609-97f2796149f9,9/14/21 18:31,40.69191615,-73.98480826,7
306,9/14/21 18:31,smriti phone,ibeacon,7.897783392,1128410976,FALSE,1.6283E+12,76,-82,-59,,,,373,8,dc4f4e8e-d7b0-4e72-b609-97f2796149f9,9/14/21 18:31,40.69191457,-73.98483786,7
307,9/14/21 18:31,smriti phone,ibeacon,7.897783392,1128410976,FALSE,1.6283E+12,76,-82,-59,,,,373,8,dc4f4e8e-d7b0-4e72-b609-97f2796149f9,9/14/21 18:31,40.69191457,-73.98483786,7
308,9/14/21 18:31,smriti phone,ibeacon,7.626838641,1128410976,FALSE,1.6283E+12,76,-82,-59,,,,373,8,dc4f4e8e-d7b0-4e72-b609-97f2796149f9,9/14/21 18:31,40.69190495,-73.9848962,7
309,9/14/21 18:31,smriti phone,ibeacon,7.626838641,1128410976,FALSE,1.6283E+12,76,-82,-59,,,,373,8,dc4f4e8e-d7b0-4e72-b609-97f2796149f9,9/14/21 18:31,40.69190495,-73.9848962,7
310,9/14/21 18:31,smriti phone,ibeacon,7.626838641,1128410976,FALSE,1.6283E+12,76,-82,-59,,,,373,8,dc4f4e8e-d7b0-4e72-b609-97f2796149f9,9/14/21 18:31,40.69190463,-73.98492508,7
311,9/14/21 18:31,smriti phone,ibeacon,4.049452592,-1081251659,FALSE,1.6283E+12,76,-94,-65,,,,6,0,9eb353a0-69b6-4947-b710-bae643c8bca5,9/14/21 18:31,40.69190233,-73.98498723,7
312,9/14/21 18:31,smriti phone,ibeacon,14.8480989,1128410970,FALSE,1.6283E+12,76,-98,-59,,,,373,2,dc4f4e8e-d7b0-4e72-b609-97f2796149f9,9/14/21 18:31,40.69190233,-73.98498723,7
313,9/14/21 18:31,smriti phone,ibeacon,7.032766736,1128410971,FALSE,1.6283E+12,76,-79,-59,,,,373,3,dc4f4e8e-d7b0-4e72-b609-97f2796149f9,9/14/21 18:31,40.69190905,-73.9851107,7
314,9/14/21 18:31,smriti phone,ibeacon,7.299883935,1128410976,FALSE,1.6283E+12,76,-76,-59,,,,373,8,dc4f4e8e-d7b0-4e72-b609-97f2796149f9,9/14/21 18:31,40.69190905,-73.9851107,7
315,9/14/21 18:31,smriti phone,ibeacon,4.049452592,-1081251659,FALSE,1.6283E+12,76,-94,-65,,,,6,0,9eb353a0-69b6-4947-b710-bae643c8bca5,9/14/21 18:31,40.69190905,-73.9851107,7
316,9/14/21 18:32,smriti phone,ibeacon,14.8480989,1128410970,FALSE,1.6283E+12,76,-98,-59,,,,373,2,dc4f4e8e-d7b0-4e72-b609-97f2796149f9,9/14/21 18:32,40.69192912,-73.98521926,7
317,9/14/21 18:32,smriti phone,ibeacon,7.032766736,1128410971,FALSE,1.6283E+12,76,-79,-59,,,,373,3,dc4f4e8e-d7b0-4e72-b609-97f2796149f9,9/14/21 18:32,40.69192912,-73.98521926,7
318,9/14/21 18:32,smriti phone,ibeacon,7.299883935,1128410976,FALSE,1.6283E+12,76,-76,-59,,,,373,8,dc4f4e8e-d7b0-4e72-b609-97f2796149f9,9/14/21 18:32,40.69192912,-73.98521926,7
319,9/14/21 18:32,smriti phone,ibeacon,9.768218193,621001720,FALSE,1.6283E+12,76,-88,-59,,,,373,11,dc4f4e8e-d7b0-4e72-b609-97f2796149f9,9/14/21 18:32,40.69193421,-73.98525258,6
320,9/14/21 18:32,smriti phone,ibeacon,14.8480989,1128410970,FALSE,1.6283E+12,76,-98,-59,,,,373,2,dc4f4e8e-d7b0-4e72-b609-97f2796149f9,9/14/21 18:32,40.69193851,-73.98526739,6
321,9/14/21 18:32,smriti phone,ibeacon,7.032766736,1128410971,FALSE,1.6283E+12,76,-79,-59,,,,373,3,dc4f4e8e-d7b0-4e72-b609-97f2796149f9,9/14/21 18:32,40.69193851,-73.98526739,6
322,9/14/21 18:32,smriti phone,ibeacon,7.299883935,1128410976,FALSE,1.6283E+12,76,-76,-59,,,,373,8,dc4f4e8e-d7b0-4e72-b609-97f2796149f9,9/14/21 18:32,40.69195088,-73.98527924,6
323,9/14/21 18:32,smriti phone,ibeacon,5.110064096,-1725767429,FALSE,1.6283E+12,76,-78,-55,,,,10001,8486,8a21c76b-74e3-4341-92be-33fcfdefdd63,9/14/21 18:32,40.69195088,-73.98527924,6
324,9/14/21 18:32,smriti phone,ibeacon,4.049452592,-1081251659,FALSE,1.6283E+12,76,-94,-65,,,,6,0,9eb353a0-69b6-4947-b710-bae643c8bca5,9/14/21 18:32,40.69196145,-73.98528614,6
325,9/14/21 18:32,smriti phone,ibeacon,9.768218193,621001720,FALSE,1.6283E+12,76,-88,-59,,,,373,11,dc4f4e8e-d7b0-4e72-b609-97f2796149f9,9/14/21 18:32,40.6919717,-73.98528969,6
326,9/14/21 18:32,smriti phone,ibeacon,14.8480989,1128410970,FALSE,1.6283E+12,76,-98,-59,,,,373,2,dc4f4e8e-d7b0-4e72-b609-97f2796149f9,9/14/21 18:32,40.6919717,-73.98528969,6
327,9/14/21 18:32,smriti phone,ibeacon,7.032766736,1128410971,FALSE,1.6283E+12,76,-79,-59,,,,373,3,dc4f4e8e-d7b0-4e72-b609-97f2796149f9,9/14/21 18:32,40.6919717,-73.98528969,6
328,9/14/21 18:32,smriti phone,ibeacon,7.299883935,1128410976,FALSE,1.6283E+12,76,-76,-59,,,,373,8,dc4f4e8e-d7b0-4e72-b609-97f2796149f9,9/14/21 18:32,40.69198154,-73.98529406,6
329,9/14/21 18:32,smriti phone,ibeacon,5.110064096,-1725767429,FALSE,1.6283E+12,76,-78,-55,,,,10001,8486,8a21c76b-74e3-4341-92be-33fcfdefdd63,9/14/21 18:32,40.69198154,-73.98529406,6
330,9/14/21 18:32,smriti phone,ibeacon,4.049452592,-1081251659,FALSE,1.6283E+12,76,-94,-65,,,,6,0,9eb353a0-69b6-4947-b710-bae643c8bca5,9/14/21 18:32,40.69201502,-73.98529417,5
331,9/14/21 18:32,smriti phone,ibeacon,9.768218193,621001720,FALSE,1.6283E+12,76,-88,-59,,,,373,11,dc4f4e8e-d7b0-4e72-b609-97f2796149f9,9/14/21 18:32,40.69201502,-73.98529417,5
332,9/14/21 18:32,smriti phone,ibeacon,14.8480989,1128410970,FALSE,1.6283E+12,76,-98,-59,,,,373,2,dc4f4e8e-d7b0-4e72-b609-97f2796149f9,9/14/21 18:32,40.69201502,-73.98529417,5
333,9/14/21 18:32,smriti phone,ibeacon,7.032766736,1128410971,FALSE,1.6283E+12,76,-79,-59,,,,373,3,dc4f4e8e-d7b0-4e72-b609-97f2796149f9,9/14/21 18:32,40.69203852,-73.98530617,5
334,9/14/21 18:32,smriti phone,ibeacon,7.299883935,1128410976,FALSE,1.6283E+12,76,-76,-59,,,,373,8,dc4f4e8e-d7b0-4e72-b609-97f2796149f9,9/14/21 18:32,40.69203852,-73.98530617,5
335,9/14/21 18:32,smriti phone,ibeacon,5.110064096,-1725767429,FALSE,1.6283E+12,76,-78,-55,,,,10001,8486,8a21c76b-74e3-4341-92be-33fcfdefdd63,9/14/21 18:32,40.69203852,-73.98530617,5
336,9/14/21 18:32,smriti phone,ibeacon,14.8480989,1128410970,FALSE,1.6283E+12,76,-98,-59,,,,373,2,dc4f4e8e-d7b0-4e72-b609-97f2796149f9,9/14/21 18:32,40.69205078,-73.9853302,5
337,9/14/21 18:32,smriti phone,ibeacon,5.110064096,-1725767429,FALSE,1.6283E+12,76,-78,-55,,,,10001,8486,8a21c76b-74e3-4341-92be-33fcfdefdd63,9/14/21 18:32,40.69205742,-73.98535907,6
338,9/14/21 18:32,smriti phone,ibeacon,4.049452592,-1081251659,FALSE,1.6283E+12,76,-94,-65,,,,6,0,9eb353a0-69b6-4947-b710-bae643c8bca5,9/14/21 18:32,40.69205742,-73.98535907,6
339,9/14/21 18:32,smriti phone,ibeacon,7.032766736,1128410971,FALSE,1.6283E+12,76,-79,-59,,,,373,3,dc4f4e8e-d7b0-4e72-b609-97f2796149f9,9/14/21 18:32,40.69206121,-73.98538753,6
340,9/14/21 18:32,smriti phone,ibeacon,7.299883935,1128410976,FALSE,1.6283E+12,76,-76,-59,,,,373,8,dc4f4e8e-d7b0-4e72-b609-97f2796149f9,9/14/21 18:32,40.6920593,-73.98541766,6
341,9/14/21 18:32,smriti phone,ibeacon,7.004727168,1128410976,FALSE,1.6283E+12,76,-85,-59,,,,373,8,dc4f4e8e-d7b0-4e72-b609-97f2796149f9,9/14/21 18:32,40.6920593,-73.98541766,6
342,9/14/21 18:32,smriti phone,ibeacon,7.004727168,1128410976,FALSE,1.6283E+12,76,-85,-59,,,,373,8,dc4f4e8e-d7b0-4e72-b609-97f2796149f9,9/14/21 18:32,40.69205929,-73.98544494,6
343,9/14/21 18:32,smriti phone,ibeacon,7.004727168,1128410976,FALSE,1.6283E+12,76,-85,-59,,,,373,8,dc4f4e8e-d7b0-4e72-b609-97f2796149f9,9/14/21 18:32,40.69205929,-73.98544494,6
344,9/14/21 18:32,smriti phone,ibeacon,7.004727168,1128410976,FALSE,1.6283E+12,76,-85,-59,,,,373,8,dc4f4e8e-d7b0-4e72-b609-97f2796149f9,9/14/21 18:32,40.69205929,-73.98544494,6
345,9/14/21 18:32,smriti phone,ibeacon,7.004727168,1128410976,FALSE,1.6283E+12,76,-85,-59,,,,373,8,dc4f4e8e-d7b0-4e72-b609-97f2796149f9,9/14/21 18:32,40.69205715,-73.98545919,6
346,9/14/21 18:32,smriti phone,ibeacon,7.004727168,1128410976,FALSE,1.6283E+12,76,-85,-59,,,,373,8,dc4f4e8e-d7b0-4e72-b609-97f2796149f9,9/14/21 18:32,40.69205715,-73.98545919,6
347,9/14/21 18:32,smriti phone,ibeacon,7.004727168,1128410976,FALSE,1.6283E+12,76,-85,-59,,,,373,8,dc4f4e8e-d7b0-4e72-b609-97f2796149f9,9/14/21 18:32,40.692057,-73.9854753,6
348,9/14/21 18:32,smriti phone,ibeacon,7.004727168,1128410976,FALSE,1.6283E+12,76,-85,-59,,,,373,8,dc4f4e8e-d7b0-4e72-b609-97f2796149f9,9/14/21 18:32,40.692057,-73.9854753,6
349,9/14/21 18:32,smriti phone,ibeacon,6.647011566,1128410976,FALSE,1.6283E+12,76,-87,-59,,,,373,8,dc4f4e8e-d7b0-4e72-b609-97f2796149f9,9/14/21 18:32,40.69205316,-73.98550305,5
350,9/14/21 18:32,smriti phone,ibeacon,6.647011566,1128410976,FALSE,1.6283E+12,76,-87,-59,,,,373,8,dc4f4e8e-d7b0-4e72-b609-97f2796149f9,9/14/21 18:32,40.69205316,-73.98550305,5
351,9/14/21 18:32,smriti phone,ibeacon,6.647011566,1128410976,FALSE,1.6283E+12,76,-87,-59,,,,373,8,dc4f4e8e-d7b0-4e72-b609-97f2796149f9,9/14/21 18:32,40.69205316,-73.98550305,5
352,9/14/21 18:32,smriti phone,ibeacon,3.590356377,-1081251659,FALSE,1.6283E+12,76,-92,-65,,,,6,0,9eb353a0-69b6-4947-b710-bae643c8bca5,9/14/21 18:32,40.69205132,-73.98551619,5
353,9/14/21 18:32,smriti phone,ibeacon,6.647011566,1128410976,FALSE,1.6283E+12,76,-87,-59,,,,373,8,dc4f4e8e-d7b0-4e72-b609-97f2796149f9,9/14/21 18:32,40.69205132,-73.98551619,5
354,9/14/21 18:32,smriti phone,ibeacon,3.590356377,-1081251659,FALSE,1.6283E+12,76,-92,-65,,,,6,0,9eb353a0-69b6-4947-b710-bae643c8bca5,9/14/21 18:32,40.69204856,-73.98553064,5
355,9/14/21 18:32,smriti phone,ibeacon,6.647011566,1128410976,FALSE,1.6283E+12,76,-87,-59,,,,373,8,dc4f4e8e-d7b0-4e72-b609-97f2796149f9,9/14/21 18:32,40.69204856,-73.98553064,5
356,9/14/21 18:32,smriti phone,ibeacon,3.590356377,-1081251659,FALSE,1.6283E+12,76,-92,-65,,,,6,0,9eb353a0-69b6-4947-b710-bae643c8bca5,9/14/21 18:32,40.69204585,-73.98555966,4
357,9/14/21 18:32,smriti phone,ibeacon,6.647011566,1128410976,FALSE,1.6283E+12,76,-87,-59,,,,373,8,dc4f4e8e-d7b0-4e72-b609-97f2796149f9,9/14/21 18:32,40.69204585,-73.98555966,4
358,9/14/21 18:32,smriti phone,ibeacon,6.647011566,1128410976,FALSE,1.6283E+12,76,-87,-59,,,,373,8,dc4f4e8e-d7b0-4e72-b609-97f2796149f9,9/14/21 18:32,40.69204833,-73.98559015,4
359,9/14/21 18:32,smriti phone,ibeacon,3.590356377,-1081251659,FALSE,1.6283E+12,76,-92,-65,,,,6,0,9eb353a0-69b6-4947-b710-bae643c8bca5,9/14/21 18:32,40.69204833,-73.98559015,4
360,9/14/21 18:32,smriti phone,ibeacon,6.647011566,1128410976,FALSE,1.6283E+12,76,-87,-59,,,,373,8,dc4f4e8e-d7b0-4e72-b609-97f2796149f9,9/14/21 18:32,40.69204833,-73.98559015,4
361,9/14/21 18:32,smriti phone,ibeacon,6.295847198,1128410976,FALSE,1.6283E+12,76,-75,-59,,,,373,8,dc4f4e8e-d7b0-4e72-b609-97f2796149f9,9/14/21 18:32,40.69204127,-73.98563757,5
362,9/14/21 18:32,smriti phone,ibeacon,6.295847198,1128410976,FALSE,1.6283E+12,76,-75,-59,,,,373,8,dc4f4e8e-d7b0-4e72-b609-97f2796149f9,9/14/21 18:32,40.69204127,-73.98563757,5
363,9/14/21 18:32,smriti phone,ibeacon,6.295847198,1128410976,FALSE,1.6283E+12,76,-75,-59,,,,373,8,dc4f4e8e-d7b0-4e72-b609-97f2796149f9,9/14/21 18:32,40.69204213,-73.98569074,6
364,9/14/21 18:32,smriti phone,ibeacon,6.28970321,1128410971,FALSE,1.6283E+12,76,-85,-59,,,,373,3,dc4f4e8e-d7b0-4e72-b609-97f2796149f9,9/14/21 18:32,40.69204445,-73.98572462,6
365,9/14/21 18:32,smriti phone,ibeacon,6.295847198,1128410976,FALSE,1.6283E+12,76,-75,-59,,,,373,8,dc4f4e8e-d7b0-4e72-b609-97f2796149f9,9/14/21 18:32,40.69204445,-73.98572462,6
366,9/14/21 18:32,smriti phone,ibeacon,5.911966497,1128410976,FALSE,1.6283E+12,76,-75,-59,,,,373,8,dc4f4e8e-d7b0-4e72-b609-97f2796149f9,9/14/21 18:32,40.69204445,-73.98572462,6
367,9/14/21 18:32,smriti phone,ibeacon,5.911966497,1128410976,FALSE,1.6283E+12,76,-75,-59,,,,373,8,dc4f4e8e-d7b0-4e72-b609-97f2796149f9,9/14/21 18:32,40.69204233,-73.98573713,8
368,9/14/21 18:32,smriti phone,ibeacon,5.911966497,1128410976,FALSE,1.6283E+12,76,-75,-59,,,,373,8,dc4f4e8e-d7b0-4e72-b609-97f2796149f9,9/14/21 18:32,40.69204233,-73.98573713,8
369,9/14/21 18:32,smriti phone,ibeacon,5.911966497,1128410976,FALSE,1.6283E+12,76,-75,-59,,,,373,8,dc4f4e8e-d7b0-4e72-b609-97f2796149f9,9/14/21 18:32,40.69203952,-73.98575196,11
370,9/14/21 18:32,smriti phone,ibeacon,5.911966497,1128410976,FALSE,1.6283E+12,76,-75,-59,,,,373,8,dc4f4e8e-d7b0-4e72-b609-97f2796149f9,9/14/21 18:32,40.69203931,-73.98576603,10
371,9/14/21 18:32,smriti phone,ibeacon,5.911966497,1128410976,FALSE,1.6283E+12,76,-75,-59,,,,373,8,dc4f4e8e-d7b0-4e72-b609-97f2796149f9,9/14/21 18:32,40.69203931,-73.98576603,10
372,9/14/21 18:32,smriti phone,ibeacon,5.911966497,1128410976,FALSE,1.6283E+12,76,-75,-59,,,,373,8,dc4f4e8e-d7b0-4e72-b609-97f2796149f9,9/14/21 18:32,40.69203931,-73.98576603,10
373,9/14/21 18:32,smriti phone,ibeacon,5.911966497,1128410976,FALSE,1.6283E+12,76,-75,-59,,,,373,8,dc4f4e8e-d7b0-4e72-b609-97f2796149f9,9/14/21 18:32,40.69203797,-73.98578856,14
374,9/14/21 18:32,smriti phone,ibeacon,5.911966497,1128410976,FALSE,1.6283E+12,76,-75,-59,,,,373,8,dc4f4e8e-d7b0-4e72-b609-97f2796149f9,9/14/21 18:32,40.69203797,-73.98578856,14
375,9/14/21 18:32,smriti phone,ibeacon,3.358931215,-1081251659,FALSE,1.6283E+12,76,-84,-65,,,,6,0,9eb353a0-69b6-4947-b710-bae643c8bca5,9/14/21 18:32,40.69203797,-73.98578856,14
376,9/14/21 18:32,smriti phone,ibeacon,5.911966497,1128410976,FALSE,1.6283E+12,76,-75,-59,,,,373,8,dc4f4e8e-d7b0-4e72-b609-97f2796149f9,9/14/21 18:32,40.69203808,-73.98579728,15
377,9/14/21 18:32,smriti phone,ibeacon,5.779062275,1128410976,FALSE,1.6283E+12,76,-71,-59,,,,373,8,dc4f4e8e-d7b0-4e72-b609-97f2796149f9,9/14/21 18:32,40.69205018,-73.98582777,15
378,9/14/21 18:32,smriti phone,ibeacon,5.779062275,1128410976,FALSE,1.6283E+12,76,-71,-59,,,,373,8,dc4f4e8e-d7b0-4e72-b609-97f2796149f9,9/14/21 18:32,40.69205018,-73.98582777,15
379,9/14/21 18:32,smriti phone,ibeacon,5.779062275,1128410976,FALSE,1.6283E+12,76,-71,-59,,,,373,8,dc4f4e8e-d7b0-4e72-b609-97f2796149f9,9/14/21 18:32,40.69206904,-73.98588597,13
380,9/14/21 18:32,smriti phone,ibeacon,3.084561808,-1081251659,FALSE,1.6283E+12,76,-78,-65,,,,6,0,9eb353a0-69b6-4947-b710-bae643c8bca5,9/14/21 18:32,40.69206904,-73.98588597,13
381,9/14/21 18:32,smriti phone,ibeacon,5.779062275,1128410976,FALSE,1.6283E+12,76,-71,-59,,,,373,8,dc4f4e8e-d7b0-4e72-b609-97f2796149f9,9/14/21 18:32,40.69206904,-73.98588597,13
382,9/14/21 18:32,smriti phone,ibeacon,5.779062275,1128410976,FALSE,1.6283E+12,76,-71,-59,,,,373,8,dc4f4e8e-d7b0-4e72-b609-97f2796149f9,9/14/21 18:32,40.69207622,-73.98590091,13
383,9/14/21 18:32,smriti phone,ibeacon,5.779062275,1128410976,FALSE,1.6283E+12,76,-71,-59,,,,373,8,dc4f4e8e-d7b0-4e72-b609-97f2796149f9,9/14/21 18:32,40.69207622,-73.98590091,13
384,9/14/21 18:33,smriti phone,ibeacon,5.779062275,1128410976,FALSE,1.6283E+12,76,-71,-59,,,,373,8,dc4f4e8e-d7b0-4e72-b609-97f2796149f9,9/14/21 18:33,40.6920826,-73.98591523,13
385,9/14/21 18:33,smriti phone,ibeacon,5.660238403,1128410976,FALSE,1.6283E+12,76,-94,-59,,,,373,8,dc4f4e8e-d7b0-4e72-b609-97f2796149f9,9/14/21 18:33,40.6920826,-73.98591523,13
386,9/14/21 18:33,smriti phone,ibeacon,5.660238403,1128410976,FALSE,1.6283E+12,76,-94,-59,,,,373,8,dc4f4e8e-d7b0-4e72-b609-97f2796149f9,9/14/21 18:33,40.69208443,-73.98592824,13
387,9/14/21 18:33,smriti phone,ibeacon,5.660238403,1128410976,FALSE,1.6283E+12,76,-94,-59,,,,373,8,dc4f4e8e-d7b0-4e72-b609-97f2796149f9,9/14/21 18:33,40.69208443,-73.98592824,13
388,9/14/21 18:33,smriti phone,ibeacon,5.660238403,1128410976,FALSE,1.6283E+12,76,-94,-59,,,,373,8,dc4f4e8e-d7b0-4e72-b609-97f2796149f9,9/14/21 18:33,40.69208344,-73.98594498,11
389,9/14/21 18:33,smriti phone,ibeacon,5.660238403,1128410976,FALSE,1.6283E+12,76,-94,-59,,,,373,8,dc4f4e8e-d7b0-4e72-b609-97f2796149f9,9/14/21 18:33,40.69208344,-73.98594498,11
390,9/14/21 18:33,smriti phone,ibeacon,5.660238403,1128410976,FALSE,1.6283E+12,76,-94,-59,,,,373,8,dc4f4e8e-d7b0-4e72-b609-97f2796149f9,9/14/21 18:33,40.69208537,-73.98596051,11
391,9/14/21 18:33,smriti phone,ibeacon,5.660238403,1128410976,FALSE,1.6283E+12,76,-94,-59,,,,373,8,dc4f4e8e-d7b0-4e72-b609-97f2796149f9,9/14/21 18:33,40.69208959,-73.98597771,10
392,9/14/21 18:33,smriti phone,ibeacon,5.660238403,1128410976,FALSE,1.6283E+12,76,-94,-59,,,,373,8,dc4f4e8e-d7b0-4e72-b609-97f2796149f9,9/14/21 18:33,40.69208959,-73.98597771,10
393,9/14/21 18:33,smriti phone,ibeacon,5.660238403,1128410976,FALSE,1.6283E+12,76,-94,-59,,,,373,8,dc4f4e8e-d7b0-4e72-b609-97f2796149f9,9/14/21 18:33,40.69210412,-73.98601028,10
394,9/14/21 18:33,smriti phone,ibeacon,5.660238403,1128410976,FALSE,1.6283E+12,76,-94,-59,,,,373,8,dc4f4e8e-d7b0-4e72-b609-97f2796149f9,9/14/21 18:33,40.6921148,-73.98603034,9
395,9/14/21 18:33,smriti phone,ibeacon,5.660238403,1128410976,FALSE,1.6283E+12,76,-94,-59,,,,373,8,dc4f4e8e-d7b0-4e72-b609-97f2796149f9,9/14/21 18:33,40.6921148,-73.98603034,9
396,9/14/21 18:33,smriti phone,ibeacon,4.377385785,1128410976,FALSE,1.6283E+12,76,-92,-59,,,,373,8,dc4f4e8e-d7b0-4e72-b609-97f2796149f9,9/14/21 18:33,40.6921148,-73.98603034,9
397,9/14/21 18:33,smriti phone,ibeacon,4.377385785,1128410976,FALSE,1.6283E+12,76,-92,-59,,,,373,8,dc4f4e8e-d7b0-4e72-b609-97f2796149f9,9/14/21 18:33,40.69212851,-73.98604751,9
398,9/14/21 18:33,smriti phone,ibeacon,4.377385785,1128410976,FALSE,1.6283E+12,76,-92,-59,,,,373,8,dc4f4e8e-d7b0-4e72-b609-97f2796149f9,9/14/21 18:33,40.69212851,-73.98604751,9
399,9/14/21 18:33,smriti phone,ibeacon,4.377385785,1128410976,FALSE,1.6283E+12,76,-92,-59,,,,373,8,dc4f4e8e-d7b0-4e72-b609-97f2796149f9,9/14/21 18:33,40.6921393,-73.98605518,10
400,9/14/21 18:33,smriti phone,ibeacon,4.377385785,1128410976,FALSE,1.6283E+12,76,-92,-59,,,,373,8,dc4f4e8e-d7b0-4e72-b609-97f2796149f9,9/14/21 18:33,40.6921393,-73.98605518,10
401,9/14/21 18:33,smriti phone,ibeacon,4.377385785,1128410976,FALSE,1.6283E+12,76,-92,-59,,,,373,8,dc4f4e8e-d7b0-4e72-b609-97f2796149f9,9/14/21 18:33,40.69215743,-73.98607124,10
402,9/14/21 18:33,smriti phone,ibeacon,4.377385785,1128410976,FALSE,1.6283E+12,76,-92,-59,,,,373,8,dc4f4e8e-d7b0-4e72-b609-97f2796149f9,9/14/21 18:33,40.69215743,-73.98607124,10
403,9/14/21 18:33,smriti phone,ibeacon,4.377385785,1128410976,FALSE,1.6283E+12,76,-92,-59,,,,373,8,dc4f4e8e-d7b0-4e72-b609-97f2796149f9,9/14/21 18:33,40.692172,-73.98606667,10
404,9/14/21 18:33,smriti phone,ibeacon,4.377385785,1128410976,FALSE,1.6283E+12,76,-92,-59,,,,373,8,dc4f4e8e-d7b0-4e72-b609-97f2796149f9,9/14/21 18:33,40.692172,-73.98606667,10
405,9/14/21 18:33,smriti phone,ibeacon,4.377385785,1128410976,FALSE,1.6283E+12,76,-92,-59,,,,373,8,dc4f4e8e-d7b0-4e72-b609-97f2796149f9,9/14/21 18:33,40.692172,-73.98606667,10
406,9/14/21 18:33,smriti phone,ibeacon,5.869402342,1128410976,FALSE,1.6283E+12,76,-83,-59,,,,373,8,dc4f4e8e-d7b0-4e72-b609-97f2796149f9,9/14/21 18:33,40.69220614,-73.98602857,9
407,9/14/21 18:33,smriti phone,ibeacon,5.869402342,1128410971,FALSE,1.6283E+12,76,-80,-59,,,,373,3,dc4f4e8e-d7b0-4e72-b609-97f2796149f9,9/14/21 18:33,40.69220614,-73.98602857,9
408,9/14/21 18:33,smriti phone,ibeacon,5.869402342,1128410976,FALSE,1.6283E+12,76,-83,-59,,,,373,8,dc4f4e8e-d7b0-4e72-b609-97f2796149f9,9/14/21 18:33,40.69220614,-73.98602857,9
409,9/14/21 18:33,smriti phone,ibeacon,5.869402342,1128410971,FALSE,1.6283E+12,76,-80,-59,,,,373,3,dc4f4e8e-d7b0-4e72-b609-97f2796149f9,9/14/21 18:33,40.69221529,-73.9860262,11
410,9/14/21 18:33,smriti phone,ibeacon,5.869402342,1128410976,FALSE,1.6283E+12,76,-83,-59,,,,373,8,dc4f4e8e-d7b0-4e72-b609-97f2796149f9,9/14/21 18:33,40.69221529,-73.9860262,11
411,9/14/21 18:33,smriti phone,ibeacon,4.983412837,1128410976,FALSE,1.6283E+12,76,-83,-59,,,,373,8,dc4f4e8e-d7b0-4e72-b609-97f2796149f9,9/14/21 18:33,40.69221529,-73.9860262,11
412,9/14/21 18:33,smriti phone,ibeacon,4.983412837,1128410976,FALSE,1.6283E+12,76,-83,-59,,,,373,8,dc4f4e8e-d7b0-4e72-b609-97f2796149f9,9/14/21 18:33,40.69221992,-73.98602217,12
413,9/14/21 18:33,smriti phone,ibeacon,8.462784007,1128410977,FALSE,1.6283E+12,76,-90,-59,,,,373,9,dc4f4e8e-d7b0-4e72-b609-97f2796149f9,9/14/21 18:33,40.69221992,-73.98602217,12
414,9/14/21 18:33,smriti phone,ibeacon,4.983412837,1128410976,FALSE,1.6283E+12,76,-83,-59,,,,373,8,dc4f4e8e-d7b0-4e72-b609-97f2796149f9,9/14/21 18:33,40.69222456,-73.98603056,14
415,9/14/21 18:33,smriti phone,ibeacon,8.462784007,1128410977,FALSE,1.6283E+12,76,-90,-59,,,,373,9,dc4f4e8e-d7b0-4e72-b609-97f2796149f9,9/14/21 18:33,40.69222456,-73.98603056,14
416,9/14/21 18:33,smriti phone,ibeacon,4.983412837,1128410976,FALSE,1.6283E+12,76,-83,-59,,,,373,8,dc4f4e8e-d7b0-4e72-b609-97f2796149f9,9/14/21 18:33,40.69222456,-73.98603056,14
417,9/14/21 18:33,smriti phone,ibeacon,8.462784007,1128410977,FALSE,1.6283E+12,76,-90,-59,,,,373,9,dc4f4e8e-d7b0-4e72-b609-97f2796149f9,9/14/21 18:33,40.69222182,-73.98603955,15
418,9/14/21 18:33,smriti phone,ibeacon,4.983412837,1128410976,FALSE,1.6283E+12,76,-83,-59,,,,373,8,dc4f4e8e-d7b0-4e72-b609-97f2796149f9,9/14/21 18:33,40.69222182,-73.98603955,15
419,9/14/21 18:33,smriti phone,ibeacon,8.462784007,1128410977,FALSE,1.6283E+12,76,-90,-59,,,,373,9,dc4f4e8e-d7b0-4e72-b609-97f2796149f9,9/14/21 18:33,40.69222413,-73.9860442,15
420,9/14/21 18:33,smriti phone,ibeacon,4.983412837,1128410976,FALSE,1.6283E+12,76,-83,-59,,,,373,8,dc4f4e8e-d7b0-4e72-b609-97f2796149f9,9/14/21 18:33,40.69223108,-73.98604302,15
421,9/14/21 18:33,smriti phone,ibeacon,8.462784007,1128410977,FALSE,1.6283E+12,76,-90,-59,,,,373,9,dc4f4e8e-d7b0-4e72-b609-97f2796149f9,9/14/21 18:33,40.69223108,-73.98604302,15
422,9/14/21 18:33,smriti phone,ibeacon,4.983412837,1128410976,FALSE,1.6283E+12,76,-83,-59,,,,373,8,dc4f4e8e-d7b0-4e72-b609-97f2796149f9,9/14/21 18:33,40.69223108,-73.98604302,15
423,9/14/21 18:33,smriti phone,ibeacon,8.462784007,1128410977,FALSE,1.6283E+12,76,-90,-59,,,,373,9,dc4f4e8e-d7b0-4e72-b609-97f2796149f9,9/14/21 18:33,40.69224316,-73.98605147,15
424,9/14/21 18:33,smriti phone,ibeacon,4.983412837,1128410976,FALSE,1.6283E+12,76,-83,-59,,,,373,8,dc4f4e8e-d7b0-4e72-b609-97f2796149f9,9/14/21 18:33,40.69224316,-73.98605147,15
425,9/14/21 18:33,smriti phone,ibeacon,8.462784007,1128410977,FALSE,1.6283E+12,76,-90,-59,,,,373,9,dc4f4e8e-d7b0-4e72-b609-97f2796149f9,9/14/21 18:33,40.69224316,-73.98605147,15
426,9/14/21 18:33,smriti phone,ibeacon,4.983412837,1128410976,FALSE,1.6283E+12,76,-83,-59,,,,373,8,dc4f4e8e-d7b0-4e72-b609-97f2796149f9,9/14/21 18:33,40.6922526,-73.98606775,15
427,9/14/21 18:33,smriti phone,ibeacon,8.462784007,1128410977,FALSE,1.6283E+12,76,-90,-59,,,,373,9,dc4f4e8e-d7b0-4e72-b609-97f2796149f9,9/14/21 18:33,40.6922526,-73.98606775,15
428,9/14/21 18:33,smriti phone,ibeacon,4.812692608,1128410976,FALSE,1.6283E+12,76,-81,-59,,,,373,8,dc4f4e8e-d7b0-4e72-b609-97f2796149f9,9/14/21 18:33,40.69226196,-73.98607743,14
429,9/14/21 18:33,smriti phone,ibeacon,4.812692608,1128410976,FALSE,1.6283E+12,76,-81,-59,,,,373,8,dc4f4e8e-d7b0-4e72-b609-97f2796149f9,9/14/21 18:33,40.69227146,-73.98607713,13
430,9/14/21 18:33,smriti phone,ibeacon,4.812692608,1128410976,FALSE,1.6283E+12,76,-81,-59,,,,373,8,dc4f4e8e-d7b0-4e72-b609-97f2796149f9,9/14/21 18:33,40.69227146,-73.98607713,13
431,9/14/21 18:33,smriti phone,ibeacon,4.812692608,1128410976,FALSE,1.6283E+12,76,-81,-59,,,,373,8,dc4f4e8e-d7b0-4e72-b609-97f2796149f9,9/14/21 18:33,40.69228443,-73.98607625,13
432,9/14/21 18:33,smriti phone,ibeacon,4.812692608,1128410976,FALSE,1.6283E+12,76,-81,-59,,,,373,8,dc4f4e8e-d7b0-4e72-b609-97f2796149f9,9/14/21 18:33,40.69228443,-73.98607625,13
433,9/14/21 18:33,smriti phone,ibeacon,4.812692608,1128410976,FALSE,1.6283E+12,76,-81,-59,,,,373,8,dc4f4e8e-d7b0-4e72-b609-97f2796149f9,9/14/21 18:33,40.69229978,-73.98608284,12
434,9/14/21 18:33,smriti phone,ibeacon,4.812692608,1128410976,FALSE,1.6283E+12,76,-81,-59,,,,373,8,dc4f4e8e-d7b0-4e72-b609-97f2796149f9,9/14/21 18:33,40.69229978,-73.98608284,12
435,9/14/21 18:33,smriti phone,ibeacon,4.812692608,1128410976,FALSE,1.6283E+12,76,-81,-59,,,,373,8,dc4f4e8e-d7b0-4e72-b609-97f2796149f9,9/14/21 18:33,40.69231171,-73.98609249,12
436,9/14/21 18:33,smriti phone,ibeacon,4.812692608,1128410976,FALSE,1.6283E+12,76,-81,-59,,,,373,8,dc4f4e8e-d7b0-4e72-b609-97f2796149f9,9/14/21 18:33,40.69231171,-73.98609249,12
437,9/14/21 18:33,smriti phone,ibeacon,4.812692608,1128410976,FALSE,1.6283E+12,76,-81,-59,,,,373,8,dc4f4e8e-d7b0-4e72-b609-97f2796149f9,9/14/21 18:33,40.69232394,-73.98609863,11
438,9/14/21 18:33,smriti phone,ibeacon,5.726149739,1128410976,FALSE,1.6283E+12,76,-90,-59,,,,373,8,dc4f4e8e-d7b0-4e72-b609-97f2796149f9,9/14/21 18:33,40.69232394,-73.98609863,11
439,9/14/21 18:33,smriti phone,ibeacon,5.726149739,1128410976,FALSE,1.6283E+12,76,-90,-59,,,,373,8,dc4f4e8e-d7b0-4e72-b609-97f2796149f9,9/14/21 18:33,40.69232394,-73.98609863,11
440,9/14/21 18:33,smriti phone,ibeacon,5.726149739,1128410976,FALSE,1.6283E+12,76,-90,-59,,,,373,8,dc4f4e8e-d7b0-4e72-b609-97f2796149f9,9/14/21 18:33,40.69234358,-73.98610079,10
441,9/14/21 18:33,smriti phone,ibeacon,5.726149739,1128410976,FALSE,1.6283E+12,76,-90,-59,,,,373,8,dc4f4e8e-d7b0-4e72-b609-97f2796149f9,9/14/21 18:33,40.69234358,-73.98610079,10
442,9/14/21 18:33,smriti phone,ibeacon,5.726149739,1128410976,FALSE,1.6283E+12,76,-90,-59,,,,373,8,dc4f4e8e-d7b0-4e72-b609-97f2796149f9,9/14/21 18:33,40.6923631,-73.98608948,10
443,9/14/21 18:33,smriti phone,ibeacon,5.726149739,1128410976,FALSE,1.6283E+12,76,-90,-59,,,,373,8,dc4f4e8e-d7b0-4e72-b609-97f2796149f9,9/14/21 18:33,40.6923631,-73.98608948,10
444,9/14/21 18:33,smriti phone,ibeacon,5.726149739,1128410976,FALSE,1.6283E+12,76,-90,-59,,,,373,8,dc4f4e8e-d7b0-4e72-b609-97f2796149f9,9/14/21 18:33,40.6923631,-73.98608948,10
445,9/14/21 18:33,smriti phone,ibeacon,5.726149739,1128410976,FALSE,1.6283E+12,76,-90,-59,,,,373,8,dc4f4e8e-d7b0-4e72-b609-97f2796149f9,9/14/21 18:33,40.69237495,-73.98608546,10
446,9/14/21 18:33,smriti phone,ibeacon,5.726149739,1128410976,FALSE,1.6283E+12,76,-90,-59,,,,373,8,dc4f4e8e-d7b0-4e72-b609-97f2796149f9,9/14/21 18:33,40.69237495,-73.98608546,10
447,9/14/21 18:33,smriti phone,ibeacon,5.726149739,1128410976,FALSE,1.6283E+12,76,-90,-59,,,,373,8,dc4f4e8e-d7b0-4e72-b609-97f2796149f9,9/14/21 18:33,40.69238668,-73.98608538,10
448,9/14/21 18:33,smriti phone,ibeacon,5.726149739,1128410976,FALSE,1.6283E+12,76,-90,-59,,,,373,8,dc4f4e8e-d7b0-4e72-b609-97f2796149f9,9/14/21 18:33,40.69238668,-73.98608538,10
449,9/14/21 18:34,smriti phone,ibeacon,5.503814871,1128410976,FALSE,1.6283E+12,76,-85,-59,,,,373,8,dc4f4e8e-d7b0-4e72-b609-97f2796149f9,9/14/21 18:34,40.69266849,-73.98615356,7
450,9/14/21 18:34,smriti phone,ibeacon,5.503814871,1128410976,FALSE,1.6283E+12,76,-85,-59,,,,373,8,dc4f4e8e-d7b0-4e72-b609-97f2796149f9,9/14/21 18:34,40.69266849,-73.98615356,7
451,9/14/21 18:34,smriti phone,ibeacon,5.503814871,1128410976,FALSE,1.6283E+12,76,-85,-59,,,,373,8,dc4f4e8e-d7b0-4e72-b609-97f2796149f9,9/14/21 18:34,40.69266849,-73.98615356,7
452,9/14/21 18:34,smriti phone,ibeacon,5.503814871,1128410976,FALSE,1.6283E+12,76,-85,-59,,,,373,8,dc4f4e8e-d7b0-4e72-b609-97f2796149f9,9/14/21 18:34,40.69267776,-73.98614735,8
453,9/14/21 18:34,smriti phone,ibeacon,5.503814871,1128410976,FALSE,1.6283E+12,76,-85,-59,,,,373,8,dc4f4e8e-d7b0-4e72-b609-97f2796149f9,9/14/21 18:34,40.69267776,-73.98614735,8
454,9/14/21 18:34,smriti phone,ibeacon,5.503814871,1128410976,FALSE,1.6283E+12,76,-85,-59,,,,373,8,dc4f4e8e-d7b0-4e72-b609-97f2796149f9,9/14/21 18:34,40.69269016,-73.98614749,7
455,9/14/21 18:34,smriti phone,ibeacon,5.503814871,1128410976,FALSE,1.6283E+12,76,-85,-59,,,,373,8,dc4f4e8e-d7b0-4e72-b609-97f2796149f9,9/14/21 18:34,40.69269016,-73.98614749,7
456,9/14/21 18:34,smriti phone,ibeacon,5.632493859,1128410976,FALSE,1.6283E+12,76,-83,-59,,,,373,8,dc4f4e8e-d7b0-4e72-b609-97f2796149f9,9/14/21 18:34,40.69285216,-73.98617792,11
457,9/14/21 18:34,smriti phone,ibeacon,5.632493859,1128410976,FALSE,1.6283E+12,76,-83,-59,,,,373,8,dc4f4e8e-d7b0-4e72-b609-97f2796149f9,9/14/21 18:34,40.69285216,-73.98617792,11
458,9/14/21 18:34,smriti phone,ibeacon,5.632493859,1128410976,FALSE,1.6283E+12,76,-83,-59,,,,373,8,dc4f4e8e-d7b0-4e72-b609-97f2796149f9,9/14/21 18:34,40.69285216,-73.98617792,11
459,9/14/21 18:34,smriti phone,ibeacon,5.632493859,1128410976,FALSE,1.6283E+12,76,-83,-59,,,,373,8,dc4f4e8e-d7b0-4e72-b609-97f2796149f9,9/14/21 18:34,40.69287757,-73.98618284,11
460,9/14/21 18:34,smriti phone,ibeacon,5.632493859,1128410976,FALSE,1.6283E+12,76,-83,-59,,,,373,8,dc4f4e8e-d7b0-4e72-b609-97f2796149f9,9/14/21 18:34,40.69291323,-73.98618449,11
461,9/14/21 18:34,smriti phone,ibeacon,5.632493859,1128410976,FALSE,1.6283E+12,76,-83,-59,,,,373,8,dc4f4e8e-d7b0-4e72-b609-97f2796149f9,9/14/21 18:34,40.69292426,-73.98618636,12
462,9/14/21 18:34,smriti phone,ibeacon,5.632493859,1128410976,FALSE,1.6283E+12,76,-83,-59,,,,373,8,dc4f4e8e-d7b0-4e72-b609-97f2796149f9,9/14/21 18:34,40.69292426,-73.98618636,12
463,9/14/21 18:34,smriti phone,ibeacon,5.632493859,1128410976,FALSE,1.6283E+12,76,-83,-59,,,,373,8,dc4f4e8e-d7b0-4e72-b609-97f2796149f9,9/14/21 18:34,40.69293823,-73.98618855,12
464,9/14/21 18:34,smriti phone,ibeacon,8.311330225,621001720,FALSE,1.6283E+12,76,-87,-59,,,,373,11,dc4f4e8e-d7b0-4e72-b609-97f2796149f9,9/14/21 18:34,40.69293823,-73.98618855,12
465,9/14/21 18:34,smriti phone,ibeacon,5.026995869,1128410972,FALSE,1.6283E+12,76,-89,-59,,,,373,4,dc4f4e8e-d7b0-4e72-b609-97f2796149f9,9/14/21 18:34,40.69293823,-73.98618855,12
466,9/14/21 18:34,smriti phone,ibeacon,5.592228678,1128410976,FALSE,1.6283E+12,76,-84,-59,,,,373,8,dc4f4e8e-d7b0-4e72-b609-97f2796149f9,9/14/21 18:34,40.6929508,-73.98618594,12
467,9/14/21 18:34,smriti phone,ibeacon,8.311330225,621001720,FALSE,1.6283E+12,76,-87,-59,,,,373,11,dc4f4e8e-d7b0-4e72-b609-97f2796149f9,9/14/21 18:34,40.6929508,-73.98618594,12
468,9/14/21 18:34,smriti phone,ibeacon,4.818691368,1128410971,FALSE,1.6283E+12,76,-85,-59,,,,373,3,dc4f4e8e-d7b0-4e72-b609-97f2796149f9,9/14/21 18:34,40.6929616,-73.98618629,12
469,9/14/21 18:34,smriti phone,ibeacon,5.026995869,1128410972,FALSE,1.6283E+12,76,-89,-59,,,,373,4,dc4f4e8e-d7b0-4e72-b609-97f2796149f9,9/14/21 18:34,40.6929744,-73.98618102,12
470,9/14/21 18:34,smriti phone,ibeacon,5.592228678,1128410976,FALSE,1.6283E+12,76,-84,-59,,,,373,8,dc4f4e8e-d7b0-4e72-b609-97f2796149f9,9/14/21 18:34,40.6929744,-73.98618102,12
471,9/14/21 18:34,smriti phone,ibeacon,5.592228678,1128410976,FALSE,1.6283E+12,76,-84,-59,,,,373,8,dc4f4e8e-d7b0-4e72-b609-97f2796149f9,9/14/21 18:34,40.6930102,-73.98617938,11
472,9/14/21 18:34,smriti phone,ibeacon,8.311330225,621001720,FALSE,1.6283E+12,76,-87,-59,,,,373,11,dc4f4e8e-d7b0-4e72-b609-97f2796149f9,9/14/21 18:34,40.6930102,-73.98617938,11
473,9/14/21 18:34,smriti phone,ibeacon,8.311330225,621001720,FALSE,1.6283E+12,76,-87,-59,,,,373,11,dc4f4e8e-d7b0-4e72-b609-97f2796149f9,9/14/21 18:34,40.69303354,-73.98617667,12
474,9/14/21 18:34,smriti phone,ibeacon,4.818691368,1128410971,FALSE,1.6283E+12,76,-85,-59,,,,373,3,dc4f4e8e-d7b0-4e72-b609-97f2796149f9,9/14/21 18:34,40.69303354,-73.98617667,12
475,9/14/21 18:34,smriti phone,ibeacon,5.026995869,1128410972,FALSE,1.6283E+12,76,-89,-59,,,,373,4,dc4f4e8e-d7b0-4e72-b609-97f2796149f9,9/14/21 18:34,40.69309215,-73.98618457,12
476,9/14/21 18:34,smriti phone,ibeacon,5.592228678,1128410976,FALSE,1.6283E+12,76,-84,-59,,,,373,8,dc4f4e8e-d7b0-4e72-b609-97f2796149f9,9/14/21 18:34,40.69309215,-73.98618457,12
477,9/14/21 18:34,smriti phone,ibeacon,8.311330225,621001720,FALSE,1.6283E+12,76,-87,-59,,,,373,11,dc4f4e8e-d7b0-4e72-b609-97f2796149f9,9/14/21 18:34,40.69310743,-73.9861832,12
478,9/14/21 18:34,smriti phone,ibeacon,4.818691368,1128410971,FALSE,1.6283E+12,76,-85,-59,,,,373,3,dc4f4e8e-d7b0-4e72-b609-97f2796149f9,9/14/21 18:34,40.69310743,-73.9861832,12
479,9/14/21 18:34,smriti phone,ibeacon,5.026995869,1128410972,FALSE,1.6283E+12,76,-89,-59,,,,373,4,dc4f4e8e-d7b0-4e72-b609-97f2796149f9,9/14/21 18:34,40.69314135,-73.98618358,12
480,9/14/21 18:34,smriti phone,ibeacon,5.592228678,1128410976,FALSE,1.6283E+12,76,-84,-59,,,,373,8,dc4f4e8e-d7b0-4e72-b609-97f2796149f9,9/14/21 18:34,40.69314135,-73.98618358,12
481,9/14/21 18:34,smriti phone,ibeacon,8.311330225,621001720,FALSE,1.6283E+12,76,-87,-59,,,,373,11,dc4f4e8e-d7b0-4e72-b609-97f2796149f9,9/14/21 18:34,40.69314135,-73.98618358,12
482,9/14/21 18:34,smriti phone,ibeacon,4.818691368,1128410971,FALSE,1.6283E+12,76,-85,-59,,,,373,3,dc4f4e8e-d7b0-4e72-b609-97f2796149f9,9/14/21 18:34,40.69315357,-73.98618685,12
483,9/14/21 18:34,smriti phone,ibeacon,5.026995869,1128410972,FALSE,1.6283E+12,76,-89,-59,,,,373,4,dc4f4e8e-d7b0-4e72-b609-97f2796149f9,9/14/21 18:34,40.69315357,-73.98618685,12
484,9/14/21 18:34,smriti phone,ibeacon,5.592228678,1128410976,FALSE,1.6283E+12,76,-84,-59,,,,373,8,dc4f4e8e-d7b0-4e72-b609-97f2796149f9,9/14/21 18:34,40.69316585,-73.98618926,12
485,9/14/21 18:34,smriti phone,ibeacon,8.311330225,621001720,FALSE,1.6283E+12,76,-87,-59,,,,373,11,dc4f4e8e-d7b0-4e72-b609-97f2796149f9,9/14/21 18:34,40.69317819,-73.98619085,12
486,9/14/21 18:34,smriti phone,ibeacon,4.818691368,1128410971,FALSE,1.6283E+12,76,-85,-59,,,,373,3,dc4f4e8e-d7b0-4e72-b609-97f2796149f9,9/14/21 18:34,40.69317819,-73.98619085,12
487,9/14/21 18:34,smriti phone,ibeacon,5.026995869,1128410972,FALSE,1.6283E+12,76,-89,-59,,,,373,4,dc4f4e8e-d7b0-4e72-b609-97f2796149f9,9/14/21 18:34,40.69325617,-73.98619876,11
488,9/14/21 18:34,smriti phone,ibeacon,5.592228678,1128410976,FALSE,1.6283E+12,76,-84,-59,,,,373,8,dc4f4e8e-d7b0-4e72-b609-97f2796149f9,9/14/21 18:34,40.69325617,-73.98619876,11
489,9/14/21 18:34,smriti phone,ibeacon,8.311330225,621001720,FALSE,1.6283E+12,76,-87,-59,,,,373,11,dc4f4e8e-d7b0-4e72-b609-97f2796149f9,9/14/21 18:34,40.69325617,-73.98619876,11
490,9/14/21 18:36,smriti phone,ibeacon,8.311330225,621001720,FALSE,1.6283E+12,76,-87,-59,,,,373,11,dc4f4e8e-d7b0-4e72-b609-97f2796149f9,9/14/21 18:36,40.69421481,-73.98583666,4
491,9/14/21 18:36,smriti phone,ibeacon,4.818691368,1128410971,FALSE,1.6283E+12,76,-85,-59,,,,373,3,dc4f4e8e-d7b0-4e72-b609-97f2796149f9,9/14/21 18:36,40.69421481,-73.98583666,4
492,9/14/21 18:36,smriti phone,ibeacon,5.026995869,1128410972,FALSE,1.6283E+12,76,-89,-59,,,,373,4,dc4f4e8e-d7b0-4e72-b609-97f2796149f9,9/14/21 18:36,40.69421481,-73.98583666,4
493,9/14/21 18:36,smriti phone,ibeacon,5.592228678,1128410976,FALSE,1.6283E+12,76,-84,-59,,,,373,8,dc4f4e8e-d7b0-4e72-b609-97f2796149f9,9/14/21 18:36,40.69422226,-73.98584775,4
494,9/14/21 18:36,smriti phone,ibeacon,8.311330225,621001720,FALSE,1.6283E+12,76,-87,-59,,,,373,11,dc4f4e8e-d7b0-4e72-b609-97f2796149f9,9/14/21 18:36,40.69422226,-73.98584775,4
495,9/14/21 18:36,smriti phone,ibeacon,4.818691368,1128410971,FALSE,1.6283E+12,76,-85,-59,,,,373,3,dc4f4e8e-d7b0-4e72-b609-97f2796149f9,9/14/21 18:36,40.69422226,-73.98584775,4
496,9/14/21 18:36,smriti phone,ibeacon,5.026995869,1128410972,FALSE,1.6283E+12,76,-89,-59,,,,373,4,dc4f4e8e-d7b0-4e72-b609-97f2796149f9,9/14/21 18:36,40.69422226,-73.98584775,4
497,9/14/21 18:36,smriti phone,ibeacon,5.592228678,1128410976,FALSE,1.6283E+12,76,-84,-59,,,,373,8,dc4f4e8e-d7b0-4e72-b609-97f2796149f9,9/14/21 18:36,40.69423665,-73.9858688,4
498,9/14/21 18:36,smriti phone,ibeacon,5.761649547,1128410976,FALSE,1.6283E+12,76,-88,-59,,,,373,8,dc4f4e8e-d7b0-4e72-b609-97f2796149f9,9/14/21 18:36,40.69423665,-73.9858688,4
499,9/14/21 18:36,smriti phone,ibeacon,12.93977038,1128410970,FALSE,1.6283E+12,76,-96,-59,,,,373,2,dc4f4e8e-d7b0-4e72-b609-97f2796149f9,9/14/21 18:36,40.69423665,-73.9858688,4
500,9/14/21 18:36,smriti phone,ibeacon,5.761649547,1128410976,FALSE,1.6283E+12,76,-88,-59,,,,373,8,dc4f4e8e-d7b0-4e72-b609-97f2796149f9,9/14/21 18:36,40.69423665,-73.9858688,4
501,9/14/21 18:36,smriti phone,ibeacon,5.761649547,1128410976,FALSE,1.6283E+12,76,-88,-59,,,,373,8,dc4f4e8e-d7b0-4e72-b609-97f2796149f9,9/14/21 18:36,40.69426695,-73.9859091,5
502,9/14/21 18:36,smriti phone,ibeacon,5.761649547,1128410976,FALSE,1.6283E+12,76,-88,-59,,,,373,8,dc4f4e8e-d7b0-4e72-b609-97f2796149f9,9/14/21 18:36,40.69426695,-73.9859091,5
503,9/14/21 18:36,smriti phone,ibeacon,5.761649547,1128410976,FALSE,1.6283E+12,76,-88,-59,,,,373,8,dc4f4e8e-d7b0-4e72-b609-97f2796149f9,9/14/21 18:36,40.69426695,-73.9859091,5
504,9/14/21 18:36,smriti phone,ibeacon,12.93977038,1128410970,FALSE,1.6283E+12,76,-96,-59,,,,373,2,dc4f4e8e-d7b0-4e72-b609-97f2796149f9,9/14/21 18:36,40.69426695,-73.9859091,5
505,9/14/21 18:36,smriti phone,ibeacon,5.761649547,1128410976,FALSE,1.6283E+12,76,-88,-59,,,,373,8,dc4f4e8e-d7b0-4e72-b609-97f2796149f9,9/14/21 18:36,40.69429611,-73.98593537,5
506,9/14/21 18:36,smriti phone,ibeacon,5.761649547,1128410976,FALSE,1.6283E+12,76,-88,-59,,,,373,8,dc4f4e8e-d7b0-4e72-b609-97f2796149f9,9/14/21 18:36,40.69429611,-73.98593537,5
507,9/14/21 18:36,smriti phone,ibeacon,5.761649547,1128410976,FALSE,1.6283E+12,76,-88,-59,,,,373,8,dc4f4e8e-d7b0-4e72-b609-97f2796149f9,9/14/21 18:36,40.69429611,-73.98593537,5
508,9/14/21 18:36,smriti phone,ibeacon,12.93977038,1128410970,FALSE,1.6283E+12,76,-96,-59,,,,373,2,dc4f4e8e-d7b0-4e72-b609-97f2796149f9,9/14/21 18:36,40.69430697,-73.9859397,4
509,9/14/21 18:36,smriti phone,ibeacon,5.761649547,1128410976,FALSE,1.6283E+12,76,-88,-59,,,,373,8,dc4f4e8e-d7b0-4e72-b609-97f2796149f9,9/14/21 18:36,40.69430697,-73.9859397,4
510,9/14/21 18:36,smriti phone,ibeacon,12.93977038,1128410970,FALSE,1.6283E+12,76,-96,-59,,,,373,2,dc4f4e8e-d7b0-4e72-b609-97f2796149f9,9/14/21 18:36,40.69430697,-73.9859397,4
511,9/14/21 18:36,smriti phone,ibeacon,5.761649547,1128410976,FALSE,1.6283E+12,76,-88,-59,,,,373,8,dc4f4e8e-d7b0-4e72-b609-97f2796149f9,9/14/21 18:36,40.69430697,-73.9859397,4
512,9/14/21 18:36,smriti phone,ibeacon,12.93977038,1128410970,FALSE,1.6283E+12,76,-96,-59,,,,373,2,dc4f4e8e-d7b0-4e72-b609-97f2796149f9,9/14/21 18:36,40.69431793,-73.98594534,4
513,9/14/21 18:36,smriti phone,ibeacon,5.761649547,1128410976,FALSE,1.6283E+12,76,-88,-59,,,,373,8,dc4f4e8e-d7b0-4e72-b609-97f2796149f9,9/14/21 18:36,40.69431793,-73.98594534,4
514,9/14/21 18:36,smriti phone,ibeacon,5.761649547,1128410976,FALSE,1.6283E+12,76,-88,-59,,,,373,8,dc4f4e8e-d7b0-4e72-b609-97f2796149f9,9/14/21 18:36,40.69432994,-73.98594831,4
515,9/14/21 18:36,smriti phone,ibeacon,5.800223241,1128410976,FALSE,1.6283E+12,76,-87,-59,,,,373,8,dc4f4e8e-d7b0-4e72-b609-97f2796149f9,9/14/21 18:36,40.69432994,-73.98594831,4
516,9/14/21 18:36,smriti phone,ibeacon,4.723573332,1128410971,FALSE,1.6283E+12,76,-86,-59,,,,373,3,dc4f4e8e-d7b0-4e72-b609-97f2796149f9,9/14/21 18:36,40.69439484,-73.9859389,4
517,9/14/21 18:36,smriti phone,ibeacon,5.800223241,1128410976,FALSE,1.6283E+12,76,-87,-59,,,,373,8,dc4f4e8e-d7b0-4e72-b609-97f2796149f9,9/14/21 18:36,40.69439484,-73.9859389,4
518,9/14/21 18:36,smriti phone,ibeacon,4.723573332,1128410971,FALSE,1.6283E+12,76,-86,-59,,,,373,3,dc4f4e8e-d7b0-4e72-b609-97f2796149f9,9/14/21 18:36,40.69439484,-73.9859389,4
519,9/14/21 18:36,smriti phone,ibeacon,5.800223241,1128410976,FALSE,1.6283E+12,76,-87,-59,,,,373,8,dc4f4e8e-d7b0-4e72-b609-97f2796149f9,9/14/21 18:36,40.69439484,-73.9859389,4
520,9/14/21 18:36,smriti phone,ibeacon,4.723573332,1128410971,FALSE,1.6283E+12,76,-86,-59,,,,373,3,dc4f4e8e-d7b0-4e72-b609-97f2796149f9,9/14/21 18:36,40.6944002,-73.9859482,4
521,9/14/21 18:36,smriti phone,ibeacon,5.800223241,1128410976,FALSE,1.6283E+12,76,-87,-59,,,,373,8,dc4f4e8e-d7b0-4e72-b609-97f2796149f9,9/14/21 18:36,40.69440611,-73.98595503,4
522,9/14/21 18:36,smriti phone,ibeacon,5.800223241,1128410976,FALSE,1.6283E+12,76,-87,-59,,,,373,8,dc4f4e8e-d7b0-4e72-b609-97f2796149f9,9/14/21 18:36,40.69440611,-73.98595503,4
523,9/14/21 18:36,smriti phone,ibeacon,4.723573332,1128410971,FALSE,1.6283E+12,76,-86,-59,,,,373,3,dc4f4e8e-d7b0-4e72-b609-97f2796149f9,9/14/21 18:36,40.69440611,-73.98595503,4
524,9/14/21 18:36,smriti phone,ibeacon,5.800223241,1128410976,FALSE,1.6283E+12,76,-87,-59,,,,373,8,dc4f4e8e-d7b0-4e72-b609-97f2796149f9,9/14/21 18:36,40.69441241,-73.98596206,4
525,9/14/21 18:36,smriti phone,ibeacon,4.723573332,1128410971,FALSE,1.6283E+12,76,-86,-59,,,,373,3,dc4f4e8e-d7b0-4e72-b609-97f2796149f9,9/14/21 18:36,40.69441241,-73.98596206,4
526,9/14/21 18:36,smriti phone,ibeacon,5.800223241,1128410976,FALSE,1.6283E+12,76,-87,-59,,,,373,8,dc4f4e8e-d7b0-4e72-b609-97f2796149f9,9/14/21 18:36,40.69441241,-73.98596206,4
527,9/14/21 18:36,smriti phone,ibeacon,4.723573332,1128410971,FALSE,1.6283E+12,76,-86,-59,,,,373,3,dc4f4e8e-d7b0-4e72-b609-97f2796149f9,9/14/21 18:36,40.69441953,-73.98596789,4